id,firstName,lastName,email,gender,contactNo,country,dob
1,Conrade,Blune,cblune0@drupal.org,Male,+20 693 259 4032,Egypt,2/2/1964
2,Ddene,McKevin,dmckevin1@yahoo.com,Female,+351 902 722 8080,Portugal,12/1/1968
3,Maurie,Bhatia,mbhatia2@is.gd,Male,+81 800 911 9155,Japan,5/21/1908
4,Rowen,Santon,rsanton3@pen.io,Male,+976 221 166 6851,Mongolia,5/4/1999
5,Ginger,Sillito,gsillito4@meetup.com,Male,+7 748 620 5587,Russia,11/30/1989
6,Wenonah,Spilsbury,wspilsbury5@biblegateway.com,Bigender,+7 531 993 4413,Russia,10/12/1938
7,Rana,Goggan,rgoggan6@hugedomains.com,Female,+1 682 351 8145,United States,8/29/1918
8,Nonie,Hugenin,nhugenin7@scribd.com,Genderfluid,+33 398 556 4397,France,1/17/2000
9,Alisander,Laxe,alaxe8@dmoz.org,Male,+86 662 546 7433,China,1/20/1977
10,Renado,Dutteridge,rdutteridge9@unicef.org,Male,+351 770 442 5436,Portugal,11/11/1949
11,Janna,Meriet,jmerieta@oracle.com,Genderfluid,+380 149 510 4449,Ukraine,3/17/1932
12,Merna,Gokes,mgokesb@last.fm,Female,+216 513 235 7884,Tunisia,10/11/1911
13,Sondra,Izat,sizatc@mapquest.com,Female,+972 969 151 7717,Israel,5/18/1914
14,Shelton,Compton,scomptond@icio.us,Male,+63 236 827 4699,Philippines,3/7/1925
15,Celinka,Banham,cbanhame@sciencedirect.com,Female,+351 109 473 2889,Portugal,11/16/2013
16,Aloysius,Maron,amaronf@amazon.co.uk,Male,+84 486 257 5889,Vietnam,8/26/1988
17,Dillie,Noury,dnouryg@ted.com,Male,+86 470 816 9477,China,5/7/2004
18,Mirna,Leatherland,mleatherlandh@goo.ne.jp,Female,+385 250 287 1877,Croatia,10/28/1991
19,Sallyanne,Rudd,sruddi@forbes.com,Female,+359 974 834 0616,Bulgaria,4/24/1987
20,Perry,MacCauley,pmaccauleyj@kickstarter.com,Male,+46 767 797 9844,Sweden,10/8/1955
21,Timotheus,Verlander,tverlanderk@harvard.edu,Non-binary,+1 713 821 9405,United States,4/13/1931
22,Terencio,McCool,tmccooll@earthlink.net,Male,+420 461 271 7377,Czech Republic,7/14/2009
23,Charleen,Dowle,cdowlem@psu.edu,Female,+7 597 844 8938,Kazakhstan,11/26/2006
24,Sallyann,Vallery,svalleryn@wufoo.com,Female,+86 430 974 9416,China,6/22/1919
25,Eileen,Pavlik,epavliko@odnoklassniki.ru,Female,+7 322 809 1086,Russia,4/21/1904
26,Giacinta,Truitt,gtruittp@discovery.com,Female,+52 240 506 7944,Mexico,9/6/1987
27,Korrie,Kopta,kkoptaq@aol.com,Female,+61 894 691 2995,Australia,11/13/1932
28,Arte,Oxbie,aoxbier@webeden.co.uk,Male,+86 792 468 7450,China,11/28/1920
29,Pamella,McGarvey,pmcgarveys@walmart.com,Female,+62 893 556 2746,Indonesia,6/16/2004
30,Ruddie,Pregal,rpregalt@behance.net,Male,+231 943 999 1790,Liberia,10/9/1991
31,Floria,Peasgood,fpeasgoodu@businessweek.com,Agender,+62 980 100 6334,Indonesia,12/21/1971
32,Othello,Woodburn,owoodburnv@tmall.com,Male,+1 646 744 2524,United States,12/11/1945
33,Derby,Ede,dedew@webmd.com,Male,+86 104 154 4163,China,1/21/1943
34,Paxon,Garratty,pgarrattyx@nationalgeographic.com,Male,+62 708 366 5510,Indonesia,3/25/1938
35,Sawyer,Dach,sdachy@sogou.com,Male,+62 279 847 1571,Indonesia,1/16/1973
36,Malina,Judge,mjudgez@odnoklassniki.ru,Female,+267 729 317 8576,Botswana,6/25/2017
37,Trumaine,Herrero,therrero10@fotki.com,Male,+967 718 181 0913,Yemen,3/1/1990
38,Donny,Bestiman,dbestiman11@timesonline.co.uk,Male,+86 500 306 3325,China,2/23/2008
39,Bartolemo,Asgodby,basgodby12@surveymonkey.com,Male,+1 423 708 8253,United States,7/1/1929
40,Morgen,Kendle,mkendle13@cocolog-nifty.com,Female,+33 117 937 2083,France,8/17/1921
41,Toddy,Vairow,tvairow14@netlog.com,Male,+34 484 361 6847,Spain,4/4/1977
42,Wilhelm,Brockley,wbrockley15@intel.com,Male,+420 114 908 3221,Czech Republic,3/19/1971
43,Matilde,Garci,mgarci16@state.gov,Female,+27 298 242 5932,South Africa,9/13/1954
44,Zechariah,Yanshinov,zyanshinov17@washington.edu,Male,+63 777 246 2743,Philippines,3/4/1914
45,Falkner,Gurry,fgurry18@i2i.jp,Bigender,+86 578 762 6361,China,6/18/1975
46,Findlay,Lait,flait19@redcross.org,Male,+351 469 231 2428,Portugal,7/23/1935
47,Ludvig,Stockman,lstockman1a@pbs.org,Male,+63 645 369 7673,Philippines,10/25/1960
48,Moshe,Franciskiewicz,mfranciskiewicz1b@slideshare.net,Male,+48 714 298 2797,Poland,6/30/1948
49,Phaidra,Halloway,phalloway1c@google.fr,Female,+7 993 524 3162,Russia,12/20/1908
50,Haleigh,Entreis,hentreis1d@admin.ch,Female,+86 193 494 8271,China,2/5/1984
51,Norrie,Andrys,nandrys1e@topsy.com,Female,+86 269 458 0927,China,3/3/2005
52,Barrie,Ciccone,bciccone1f@narod.ru,Male,+7 649 795 9288,Russia,6/26/2007
53,Stanly,Trewinnard,strewinnard1g@ebay.co.uk,Male,+63 430 615 9316,Philippines,1/22/2005
54,Cesya,Kislingbury,ckislingbury1h@nbcnews.com,Female,+86 742 721 4147,China,3/17/1934
55,Zuzana,Alcock,zalcock1i@ifeng.com,Female,+33 258 955 6233,France,7/24/1950
56,Marlon,Antonias,mantonias1j@fema.gov,Agender,+996 829 568 6100,Kyrgyzstan,8/15/1908
57,Dominik,Andryszczak,dandryszczak1k@newyorker.com,Male,+52 102 754 5581,Mexico,4/1/2018
58,Chucho,Clemmitt,cclemmitt1l@cbc.ca,Male,+98 463 112 3337,Iran,1/19/2012
59,Rolf,Nicholls,rnicholls1m@tiny.cc,Male,+7 438 461 0840,Russia,3/21/1902
60,Onofredo,Rominov,orominov1n@apple.com,Male,+598 875 646 3172,Uruguay,10/10/1988
61,Alley,Whiteford,awhiteford1o@engadget.com,Male,+7 204 864 3246,Russia,9/24/2005
62,Leeanne,Borrott,lborrott1p@live.com,Female,+52 253 620 9226,Mexico,11/27/1941
63,Godfrey,Asbury,gasbury1q@51.la,Male,+27 316 952 9116,South Africa,5/25/1937
64,Carroll,Hillett,chillett1r@npr.org,Female,+33 784 956 9806,France,1/20/2000
65,Juline,Naisby,jnaisby1s@statcounter.com,Genderqueer,+62 823 931 6463,Indonesia,10/24/1998
66,Alisander,Elintune,aelintune1t@issuu.com,Male,+970 531 339 1105,Palestinian Territory,8/10/1901
67,Emmy,Kerner,ekerner1u@bigcartel.com,Male,+86 240 966 4175,China,12/8/2013
68,Ora,Vannacci,ovannacci1v@skyrock.com,Female,+62 975 192 0409,Indonesia,7/7/2005
69,Tadd,Spong,tspong1w@dagondesign.com,Genderfluid,+46 911 607 5316,Sweden,6/9/1931
70,Killy,Reef,kreef1x@wikipedia.org,Male,+92 624 258 4415,Pakistan,12/4/1982
71,Obed,Rummins,orummins1y@amazonaws.com,Male,+86 244 298 3188,China,9/23/1906
72,Sayer,Goodin,sgoodin1z@amazon.de,Male,+387 698 352 3322,Bosnia and Herzegovina,1/30/1968
73,Kristina,Scuse,kscuse20@google.co.jp,Female,+385 731 719 5028,Croatia,3/20/1920
74,Damian,Nisot,dnisot21@photobucket.com,Male,+212 444 473 4726,Morocco,7/9/1984
75,Kalila,Duell,kduell22@vkontakte.ru,Female,+62 942 507 2442,Indonesia,8/31/1945
76,Dacie,Mathivat,dmathivat23@who.int,Genderfluid,+7 768 439 8122,Russia,10/23/1989
77,Nicholas,Baud,nbaud24@businessinsider.com,Male,+351 539 171 1510,Portugal,3/13/1902
78,Ab,McGillecole,amcgillecole25@buzzfeed.com,Genderqueer,+380 728 763 9064,Ukraine,2/11/1958
79,Alejandra,Ravenhill,aravenhill26@yahoo.co.jp,Female,+48 250 626 6946,Poland,11/16/1980
80,Colby,Novkovic,cnovkovic27@admin.ch,Male,+98 165 857 4297,Iran,2/23/1966
81,Rodd,Fitt,rfitt28@toplist.cz,Male,+66 680 964 3061,Thailand,3/27/1958
82,Craggie,Robbings,crobbings29@slashdot.org,Male,+55 836 635 7297,Brazil,9/27/2014
83,Montague,Bonar,mbonar2a@fotki.com,Male,+30 353 908 9753,Greece,12/10/2020
84,Hubey,Torrejon,htorrejon2b@youtube.com,Male,+46 444 399 6017,Sweden,5/30/1957
85,Josephina,Simkin,jsimkin2c@nyu.edu,Female,+49 376 995 5983,Germany,7/1/1997
86,Brana,Mathe,bmathe2d@networkadvertising.org,Female,+62 141 499 8522,Indonesia,11/6/1917
87,Cam,Wellum,cwellum2e@narod.ru,Female,+352 380 599 4054,Luxembourg,8/18/1935
88,Ronny,Cagan,rcagan2f@jalbum.net,Female,+63 791 943 9677,Philippines,1/22/1934
89,Maison,Harbord,mharbord2g@jalbum.net,Male,+1 417 290 9558,Canada,12/20/1949
90,Aguistin,Dunthorn,adunthorn2h@merriam-webster.com,Male,+7 962 128 9529,Russia,6/22/1926
91,See,Whitley,swhitley2i@tinypic.com,Male,+7 899 879 6391,Kazakhstan,7/29/1975
92,Sergeant,Fenich,sfenich2j@angelfire.com,Male,+967 694 840 7467,Yemen,1/26/1992
93,Clerkclaude,Lorentz,clorentz2k@mlb.com,Male,+62 781 519 4796,Indonesia,2/25/1919
94,Lorant,Brands,lbrands2l@de.vu,Male,+234 543 410 2274,Nigeria,6/24/1905
95,Moses,Gilliat,mgilliat2m@skyrock.com,Male,+86 451 668 0898,China,5/27/1905
96,Belicia,Meadowcraft,bmeadowcraft2n@slate.com,Female,+48 296 733 8000,Poland,12/18/1943
97,Vernon,Levison,vlevison2o@fastcompany.com,Male,+86 801 243 0300,China,5/31/2010
98,Demetris,Jaycock,djaycock2p@canalblog.com,Male,+84 829 201 2947,Vietnam,10/9/1970
99,Jeannine,Duddridge,jduddridge2q@alexa.com,Female,+81 116 700 1150,Japan,7/29/1928
100,Willi,Chaman,wchaman2r@si.edu,Male,+593 190 302 7440,Ecuador,12/1/1980
101,Lucila,Ketch,lketch2s@dailymotion.com,Female,+44 810 528 3130,United Kingdom,9/28/1996
102,Forester,Edel,fedel2t@blogger.com,Male,+677 446 753 5562,Solomon Islands,10/24/1950
103,Cole,Murricanes,cmurricanes2u@istockphoto.com,Male,+7 277 369 5863,Russia,9/9/1930
104,Meyer,Radage,mradage2v@addthis.com,Male,+20 596 560 1529,Egypt,12/11/1935
105,Putnam,Winspare,pwinspare2w@vkontakte.ru,Male,+216 478 518 8590,Tunisia,2/21/1921
106,Haydon,Chatel,hchatel2x@answers.com,Male,+7 959 141 5781,Kazakhstan,3/27/1930
107,Kendricks,Dyzart,kdyzart2y@epa.gov,Male,+62 935 772 1549,Indonesia,1/17/1988
108,Moritz,Creigan,mcreigan2z@wikia.com,Male,+86 633 881 3672,China,2/5/1955
109,Cathee,Cuberley,ccuberley30@unc.edu,Female,+63 833 772 2418,Philippines,12/25/1940
110,Rona,Bardsley,rbardsley31@columbia.edu,Genderqueer,+86 572 799 8493,China,8/22/1933
111,Aviva,Duncklee,aduncklee32@deliciousdays.com,Female,+57 816 457 3264,Colombia,10/8/1930
112,Nolly,Domeny,ndomeny33@ibm.com,Male,+54 150 401 9330,Argentina,7/8/1995
113,Pier,Frowde,pfrowde34@mit.edu,Female,+62 352 232 4530,Indonesia,9/19/2003
114,Coralyn,Gadsdon,cgadsdon35@trellian.com,Female,+1 100 751 4336,Canada,1/7/2012
115,Tod,Tubbles,ttubbles36@youku.com,Male,+86 723 201 9166,China,11/7/1992
116,Emlyn,Gettone,egettone37@utexas.edu,Male,+358 343 643 5443,Finland,3/6/1917
117,Lorena,Radeliffe,lradeliffe38@chron.com,Female,+1 248 227 3638,Dominican Republic,7/29/1915
118,Bobby,Larmouth,blarmouth39@cnet.com,Male,+86 703 570 2947,China,5/21/1957
119,Dru,Creber,dcreber3a@com.com,Genderqueer,+1 281 274 5778,United States,6/5/1995
120,Dur,Doul,ddoul3b@github.com,Male,+86 524 743 2229,China,9/19/2012
121,Gregorius,Kimm,gkimm3c@parallels.com,Male,+55 216 821 3561,Brazil,11/11/1981
122,Rickert,Botterman,rbotterman3d@facebook.com,Male,+234 278 167 4176,Nigeria,1/2/1978
123,Mathias,Braidon,mbraidon3e@opensource.org,Male,+358 340 799 7974,Finland,3/11/1943
124,Roxane,Rainsden,rrainsden3f@ocn.ne.jp,Female,+86 491 193 9417,China,4/9/1901
125,Allister,Bartaloni,abartaloni3g@goo.ne.jp,Male,+63 551 927 7955,Philippines,4/21/1920
126,Dagmar,Dundon,ddundon3h@virginia.edu,Female,+62 718 936 0336,Indonesia,10/2/1969
127,Sigismondo,Hedan,shedan3i@studiopress.com,Male,+234 802 203 4635,Nigeria,11/26/1901
128,Tabb,Kettlestringes,tkettlestringes3j@goo.gl,Male,+7 768 311 6862,Russia,2/24/1977
129,Kerwin,Dikes,kdikes3k@home.pl,Male,+81 611 257 2193,Japan,9/29/1955
130,Ardelis,Potier,apotier3l@bing.com,Female,+46 769 784 8866,Sweden,12/16/1962
131,Hortense,Kording,hkording3m@myspace.com,Female,+86 424 222 4230,China,3/22/1984
132,Teena,Binfield,tbinfield3n@unesco.org,Female,+86 209 728 1570,China,6/16/1922
133,Aurelia,Raddish,araddish3o@sciencedirect.com,Female,+86 115 735 4603,China,1/26/1908
134,Ekaterina,Garnsworth,egarnsworth3p@ed.gov,Female,+972 460 118 7978,Israel,1/26/2013
135,Egor,Lamba,elamba3q@twitpic.com,Male,+1 318 482 3921,United States,8/26/1982
136,Madel,Waugh,mwaugh3r@admin.ch,Female,+352 314 169 0114,Luxembourg,3/7/1904
137,Midge,Drummond,mdrummond3s@usda.gov,Female,+86 414 462 8236,China,9/1/2000
138,Gibby,Duckett,gduckett3t@engadget.com,Male,+7 259 734 1349,Russia,8/10/1909
139,Aaren,Antczak,aantczak3u@oaic.gov.au,Female,+62 281 872 1316,Indonesia,11/11/1945
140,Charis,Urwin,curwin3v@bluehost.com,Genderfluid,+963 281 910 8312,Syria,3/23/1982
141,Jacob,Trivett,jtrivett3w@so-net.ne.jp,Male,+54 784 259 1395,Argentina,12/9/1960
142,Gray,Lorenc,glorenc3x@jiathis.com,Female,+86 450 894 1228,China,4/1/1959
143,Dal,Blucher,dblucher3y@yahoo.com,Male,+62 879 949 0451,Indonesia,3/1/2012
144,Karalynn,Rehme,krehme3z@squarespace.com,Female,+386 925 466 2838,Slovenia,10/20/1925
145,Corabel,Balthasar,cbalthasar40@house.gov,Female,+62 295 641 4681,Indonesia,6/5/1915
146,Zola,Batchellor,zbatchellor41@oaic.gov.au,Agender,+63 101 924 8068,Philippines,11/5/1916
147,Emmott,Jiroutka,ejiroutka42@nifty.com,Male,+52 647 174 8630,Mexico,10/13/2010
148,Pippy,Kingescot,pkingescot43@sfgate.com,Female,+7 654 539 4422,Russia,3/8/1920
149,Margalo,Campbell-Dunlop,mcampbelldunlop44@adobe.com,Female,+267 789 560 3394,Botswana,1/26/1928
150,Lindy,Gissop,lgissop45@apache.org,Male,+63 699 872 2437,Philippines,4/5/1961
151,Cathryn,Hearnah,chearnah46@newsvine.com,Female,+86 359 139 3451,China,10/20/1904
152,Townsend,Patsall,tpatsall47@feedburner.com,Male,+212 728 565 7268,Morocco,10/17/1905
153,Calida,Bickerdicke,cbickerdicke48@pbs.org,Female,+86 892 604 4007,China,2/20/1938
154,Bent,Heart,bheart49@g.co,Male,+7 482 987 5082,Russia,6/29/1956
155,Edie,Battson,ebattson4a@skype.com,Female,+688 350 914 1473,Tuvalu,5/28/1995
156,Bink,De Brett,bdebrett4b@boston.com,Male,+381 161 673 2582,Serbia,12/29/1983
157,Tonnie,Keeffe,tkeeffe4c@ask.com,Male,+51 271 688 8964,Peru,12/5/1972
158,Karlie,Lambol,klambol4d@sohu.com,Female,+63 672 725 6589,Philippines,8/12/1930
159,Creighton,Delany,cdelany4e@irs.gov,Male,+389 797 208 2754,Macedonia,11/7/1989
160,Filbert,Ostrich,fostrich4f@phoca.cz,Male,+62 586 344 7849,Indonesia,9/10/2012
161,Jarrid,Scrivinor,jscrivinor4g@devhub.com,Male,+1 770 606 9372,United States,5/30/1975
162,Granger,Mounter,gmounter4h@amazon.co.uk,Male,+55 771 700 7648,Brazil,8/17/1995
163,Kelsey,Ghion,kghion4i@berkeley.edu,Male,+86 264 950 6483,China,11/10/1992
164,Filippo,Matis,fmatis4j@ycombinator.com,Male,+86 584 956 8862,China,5/5/1985
165,Loni,Dukesbury,ldukesbury4k@altervista.org,Female,+86 484 361 7660,China,3/4/1991
166,Huberto,Marousek,hmarousek4l@illinois.edu,Male,+30 875 459 0639,Greece,5/21/1929
167,Rodney,Raeburn,rraeburn4m@ow.ly,Male,+86 400 341 1347,China,9/30/1961
168,Carley,Lambard,clambard4n@nifty.com,Female,+351 216 405 1195,Portugal,11/26/1949
169,Olivier,Machans,omachans4o@amazon.de,Male,+249 815 626 8136,Sudan,8/1/1910
170,Dominica,McGroarty,dmcgroarty4p@spiegel.de,Female,+254 761 162 8467,Kenya,6/27/1939
171,Davie,Collins,dcollins4q@123-reg.co.uk,Male,+62 687 285 5492,Indonesia,6/22/2020
172,Maynord,Haslegrave,mhaslegrave4r@sphinn.com,Male,+48 805 768 4773,Poland,1/26/1986
173,Bessy,Hulland,bhulland4s@theatlantic.com,Female,+1 544 612 8530,Dominican Republic,4/8/1981
174,Brenn,Corrington,bcorrington4t@paypal.com,Female,+66 887 989 2696,Thailand,10/29/2006
175,Carine,Moland,cmoland4u@shinystat.com,Female,+7 520 609 4380,Russia,3/29/1922
176,Ginnifer,McInnery,gmcinnery4v@hostgator.com,Female,+62 473 423 8618,Indonesia,1/6/1964
177,Lela,Derx,lderx4w@amazon.co.uk,Female,+62 311 737 4003,Indonesia,5/28/1905
178,Ly,Dagworthy,ldagworthy4x@comsenz.com,Male,+92 741 437 6102,Pakistan,8/2/1908
179,Trenna,Redier,tredier4y@un.org,Polygender,+86 851 872 6829,China,1/18/1974
180,Lavinia,Mulleary,lmulleary4z@microsoft.com,Female,+63 749 688 2167,Philippines,8/11/2013
181,Edd,Pellitt,epellitt50@usatoday.com,Male,+1 172 886 5185,Cayman Islands,4/7/2006
182,Maxine,Gowen,mgowen51@narod.ru,Female,+7 577 712 2609,Russia,7/27/1977
183,Nedda,Depper,ndepper52@nymag.com,Female,+30 278 615 9444,Greece,9/6/1963
184,Nancie,Chipps,nchipps53@theguardian.com,Female,+351 832 994 0444,Portugal,9/28/2010
185,Harmony,Chalfont,hchalfont54@addtoany.com,Female,+54 506 477 8565,Argentina,3/15/1913
186,Ade,Alejandre,aalejandre55@nba.com,Male,+351 911 143 8296,Portugal,8/6/1935
187,Jerald,Dakhno,jdakhno56@ycombinator.com,Male,+962 379 758 6423,Jordan,5/22/1997
188,Jazmin,Fishly,jfishly57@uiuc.edu,Female,+63 314 545 3478,Philippines,4/13/2004
189,Gussi,Brosel,gbrosel58@yelp.com,Female,+43 984 164 3542,Austria,10/25/1962
190,Micky,Firpi,mfirpi59@dot.gov,Female,+86 596 960 8600,China,11/3/2010
191,Verina,Jeannard,vjeannard5a@woothemes.com,Female,+351 372 708 2888,Portugal,7/1/1931
192,Samaria,Grigoryov,sgrigoryov5b@newsvine.com,Female,+47 968 989 4482,Norway,7/27/1954
193,Maxie,Bitten,mbitten5c@sakura.ne.jp,Male,+62 592 212 4473,Indonesia,7/26/1978
194,Vonni,Kalinowsky,vkalinowsky5d@alexa.com,Female,+48 398 217 7350,Poland,9/14/1915
195,Rafa,Viccary,rviccary5e@privacy.gov.au,Female,+7 812 461 2267,Russia,9/7/1998
196,Ardis,Thombleson,athombleson5f@gmpg.org,Female,+86 554 819 6001,China,4/8/1943
197,Alberik,Sweating,asweating5g@washingtonpost.com,Male,+371 729 292 3527,Latvia,7/21/1917
198,Currie,Scorrer,cscorrer5h@miitbeian.gov.cn,Male,+33 780 834 9276,France,11/11/1984
199,Lian,Le Jean,llejean5i@redcross.org,Female,+62 848 908 7137,Indonesia,4/16/1919
200,Dimitri,Trusse,dtrusse5j@nsw.gov.au,Male,+63 294 296 5771,Philippines,11/18/1928
201,Rees,Antoons,rantoons5k@geocities.com,Male,+86 707 410 2014,China,7/7/1986
202,Beverlie,Gaiger,bgaiger5l@i2i.jp,Female,+355 356 586 6540,Albania,12/30/1968
203,Minta,Scanderet,mscanderet5m@seattletimes.com,Female,+86 565 704 9492,China,2/2/2004
204,Sigmund,Cribbin,scribbin5n@auda.org.au,Male,+234 370 908 7282,Nigeria,11/1/1983
205,Mylo,Runciman,mrunciman5o@4shared.com,Male,+46 813 565 7976,Sweden,6/19/1932
206,Alidia,Itscovitz,aitscovitz5p@tinyurl.com,Female,+86 987 669 4418,China,3/18/1979
207,Prudi,Klehyn,pklehyn5q@google.ca,Female,+686 801 671 2211,Kiribati,7/16/1966
208,Rozanne,MacCrosson,rmaccrosson5r@rambler.ru,Female,+356 975 554 5884,Malta,2/6/1968
209,Debbi,Sowman,dsowman5s@chron.com,Female,+62 682 776 2635,Indonesia,12/28/1928
210,Hugibert,Pickance,hpickance5t@furl.net,Male,+47 289 802 0680,Norway,7/30/1975
211,Karola,Riccardi,kriccardi5u@cbslocal.com,Female,+30 679 281 2365,Greece,6/20/2005
212,Hugo,O'Neal,honeal5v@opensource.org,Male,+62 397 758 9172,Indonesia,5/29/1944
213,Hershel,Sparsholt,hsparsholt5w@washingtonpost.com,Male,+81 889 959 3519,Japan,1/21/2006
214,Paxton,Brik,pbrik5x@hud.gov,Male,+7 812 845 5704,Russia,5/6/1966
215,Feliks,Roja,froja5y@dyndns.org,Male,+55 736 897 8711,Brazil,3/1/2004
216,Hayley,Poynton,hpoynton5z@eventbrite.com,Female,+33 902 961 9238,France,4/15/1903
217,Fallon,Creelman,fcreelman60@technorati.com,Female,+63 846 684 1962,Philippines,6/13/2013
218,Orton,Danielian,odanielian61@posterous.com,Male,+46 816 216 0734,Sweden,10/13/1929
219,Kimble,Byers,kbyers62@twitter.com,Male,+86 823 984 8046,China,9/17/1996
220,Ellery,Mauchlen,emauchlen63@unicef.org,Male,+86 104 769 7102,China,8/28/2012
221,Abbe,Slessor,aslessor64@behance.net,Polygender,+46 119 317 7706,Sweden,3/25/1986
222,Evania,Duferie,eduferie65@blogtalkradio.com,Female,+62 299 582 8092,Indonesia,5/29/1938
223,Vi,Wiggins,vwiggins66@jigsy.com,Female,+358 295 859 6877,Finland,3/15/1962
224,Chris,Wichard,cwichard67@cafepress.com,Male,+7 939 325 4685,Russia,3/21/2021
225,Graham,Quincey,gquincey68@moonfruit.com,Male,+92 202 750 2668,Pakistan,11/27/1992
226,Jeremias,Garwill,jgarwill69@hostgator.com,Male,+86 791 120 5624,China,4/27/1996
227,Christiane,Wennam,cwennam6a@hibu.com,Bigender,+63 618 988 4556,Philippines,3/11/1960
228,Edgardo,Atwood,eatwood6b@usatoday.com,Male,+54 648 926 5105,Argentina,12/4/1956
229,Roxanna,Standish,rstandish6c@dropbox.com,Genderfluid,+62 690 564 7858,Indonesia,8/8/1964
230,Renaud,Wasiel,rwasiel6d@google.ru,Male,+30 410 943 5021,Greece,6/11/1955
231,Daniella,Denington,ddenington6e@ebay.co.uk,Female,+86 504 981 1962,China,7/11/2000
232,Thane,Life,tlife6f@stanford.edu,Male,+7 504 794 7381,Kazakhstan,12/31/2011
233,Alys,Ballham,aballham6g@examiner.com,Female,+86 258 434 2010,China,12/31/1985
234,Robinetta,Ford,rford6h@mozilla.org,Female,+351 265 739 4544,Portugal,2/26/1917
235,Rudy,Rozalski,rrozalski6i@ucsd.edu,Male,+63 807 318 8216,Philippines,6/5/1957
236,Harrietta,Dumphrey,hdumphrey6j@hao123.com,Female,+7 365 921 1795,Russia,3/30/2018
237,Marnie,Pellamonuten,mpellamonuten6k@theglobeandmail.com,Female,+60 461 204 3918,Malaysia,3/18/1964
238,Benyamin,Ebbotts,bebbotts6l@statcounter.com,Male,+7 299 917 7392,Russia,12/27/1957
239,Jillayne,Spalton,jspalton6m@360.cn,Female,+1 775 927 8334,United States,12/8/1954
240,Susan,Goad,sgoad6n@yale.edu,Female,+48 112 607 2500,Poland,5/23/1935
241,Hollie,Methingam,hmethingam6o@nba.com,Non-binary,+81 885 310 2977,Japan,6/14/1941
242,Smitty,Filan,sfilan6p@psu.edu,Male,+34 247 489 0539,Spain,11/18/1910
243,Xymenes,Lilleyman,xlilleyman6q@networkadvertising.org,Male,+62 220 317 3853,Indonesia,1/25/2006
244,Roxine,Bode,rbode6r@businessweek.com,Female,+27 295 407 7408,South Africa,4/19/1959
245,Curtis,Burrow,cburrow6s@so-net.ne.jp,Male,+86 904 988 2545,China,1/21/1988
246,Dolf,Maneylaws,dmaneylaws6t@typepad.com,Male,+62 966 756 2565,Indonesia,12/24/1960
247,Orazio,Matkovic,omatkovic6u@usnews.com,Polygender,+62 862 683 5003,Indonesia,2/2/1952
248,Lyell,Ghio,lghio6v@usnews.com,Male,+62 477 244 3348,Indonesia,7/27/1983
249,Hunfredo,Pitcaithly,hpitcaithly6w@parallels.com,Polygender,+351 282 271 7189,Portugal,8/15/1944
250,Abbe,Burtonshaw,aburtonshaw6x@geocities.jp,Male,+228 974 450 2417,Togo,7/3/1998
251,Saundra,Folbigg,sfolbigg6y@prnewswire.com,Female,+33 164 387 9019,France,2/12/1909
252,Ivar,Dobeson,idobeson6z@topsy.com,Male,+86 870 152 7666,China,3/27/1977
253,Bourke,Winram,bwinram70@eepurl.com,Genderqueer,+62 489 213 4682,Indonesia,5/21/1915
254,Cherise,Sokill,csokill71@skype.com,Female,+47 339 886 1252,Norway,8/8/1977
255,Beltran,Darbon,bdarbon72@stumbleupon.com,Male,+66 737 469 3226,Thailand,6/4/2020
256,Tamma,Dewsnap,tdewsnap73@si.edu,Female,+48 164 631 8409,Poland,5/30/1915
257,Junie,Andino,jandino74@washington.edu,Female,+62 267 173 3961,Indonesia,2/15/1985
258,Tiffany,Lardiner,tlardiner75@spotify.com,Female,+54 874 299 4950,Argentina,12/5/1968
259,Humbert,Shekle,hshekle76@dion.ne.jp,Male,+62 242 911 8800,Indonesia,9/18/1903
260,Tabby,Decaze,tdecaze77@amazon.co.jp,Male,+86 382 960 2997,China,1/27/1912
261,Zacharie,MacComiskey,zmaccomiskey78@nps.gov,Male,+86 474 601 7702,China,4/30/1926
262,Alf,Lermouth,alermouth79@arstechnica.com,Male,+503 998 611 4557,El Salvador,3/16/1916
263,Yorker,Sedcole,ysedcole7a@twitter.com,Male,+386 656 844 5184,Slovenia,11/10/1905
264,Jeremias,Cochrane,jcochrane7b@photobucket.com,Male,+54 757 459 9914,Argentina,11/22/1970
265,Ronni,Braban,rbraban7c@google.fr,Female,+62 360 453 9426,Indonesia,3/14/2020
266,Averil,Glynne,aglynne7d@bandcamp.com,Female,+420 627 507 2107,Czech Republic,3/7/1951
267,Rodrigo,Levy,rlevy7e@4shared.com,Male,+995 922 523 1938,Georgia,3/13/2000
268,Jenelle,Jellis,jjellis7f@nature.com,Female,+351 111 107 6377,Portugal,12/4/1933
269,Bridie,Jaxon,bjaxon7g@elpais.com,Female,+33 704 243 7962,France,10/19/1923
270,Eduardo,Wilcox,ewilcox7h@instagram.com,Male,+93 132 275 1929,Afghanistan,4/7/2010
271,Grange,Bridgement,gbridgement7i@tripod.com,Male,+33 786 948 8746,France,1/14/1958
272,Finley,Hebblewhite,fhebblewhite7j@whitehouse.gov,Male,+850 120 259 6602,North Korea,7/27/2016
273,Emilie,Blincoe,eblincoe7k@china.com.cn,Female,+62 451 483 8217,Indonesia,6/21/2001
274,Meryl,Cogdon,mcogdon7l@senate.gov,Polygender,+63 747 244 6798,Philippines,12/9/1962
275,Cad,Powder,cpowder7m@cocolog-nifty.com,Male,+62 800 597 3724,Indonesia,11/17/2021
276,Bab,Critch,bcritch7n@ucoz.ru,Female,+33 653 546 6406,France,4/4/1909
277,Welbie,Trim,wtrim7o@altervista.org,Male,+62 273 304 0211,Indonesia,2/28/1994
278,Farrand,Leadbetter,fleadbetter7p@engadget.com,Female,+7 340 502 6300,Russia,5/12/1906
279,Leonhard,McVie,lmcvie7q@rakuten.co.jp,Male,+58 302 691 4973,Venezuela,2/8/1974
280,Dolf,Copper,dcopper7r@indiegogo.com,Male,+63 382 831 0101,Philippines,9/12/1902
281,Pren,Hutchcraft,phutchcraft7s@seattletimes.com,Male,+62 513 827 7693,Indonesia,4/22/1965
282,Maggee,Monard,mmonard7t@rediff.com,Genderfluid,+86 772 684 5607,China,4/9/1920
283,Edsel,Vellender,evellender7u@hc360.com,Male,+46 427 288 5358,Sweden,12/20/1976
284,Maureen,Simla,msimla7v@moonfruit.com,Female,+33 412 206 7700,France,3/14/1905
285,Izabel,Deeves,ideeves7w@qq.com,Bigender,+351 466 279 5416,Portugal,11/10/1917
286,Aldon,Tumbridge,atumbridge7x@smh.com.au,Male,+267 156 876 8880,Botswana,5/5/1973
287,Johannes,Weatherall,jweatherall7y@multiply.com,Male,+86 179 686 2823,China,1/5/1983
288,Romeo,Larking,rlarking7z@seattletimes.com,Male,+62 603 449 7781,Indonesia,12/12/1940
289,Hilarius,Trowsdall,htrowsdall80@guardian.co.uk,Male,+62 846 378 0768,Indonesia,3/29/1901
290,Hadleigh,Gornar,hgornar81@weather.com,Polygender,+7 973 454 5353,Kazakhstan,10/11/2014
291,Harlen,Drakers,hdrakers82@weather.com,Male,+359 996 647 3031,Bulgaria,9/25/1976
292,Alfie,Saw,asaw83@wikia.com,Female,+60 202 715 9369,Malaysia,7/21/1905
293,Audrye,Ranking,aranking84@economist.com,Female,+66 352 495 4821,Thailand,9/21/1911
294,Ravid,Seth,rseth85@bizjournals.com,Male,+51 263 753 1171,Peru,11/4/1901
295,Malynda,Dahill,mdahill86@chron.com,Female,+62 889 193 3367,Indonesia,10/12/2005
296,Brodie,Eastmond,beastmond87@yellowbook.com,Male,+386 164 267 7687,Slovenia,1/6/1997
297,Sergent,Gummary,sgummary88@t-online.de,Male,+86 547 172 6451,China,3/7/1936
298,Daphene,Smoth,dsmoth89@wikia.com,Female,+62 855 801 8554,Indonesia,9/22/1904
299,Mead,Grimsditch,mgrimsditch8a@diigo.com,Female,+86 567 363 7608,China,7/16/1993
300,Debora,Bow,dbow8b@zdnet.com,Female,+86 331 211 6654,China,1/25/1919
301,Emlynne,Johannesson,ejohannesson8c@mail.ru,Female,+7 407 344 6459,Russia,5/11/2017
302,Delores,Hulson,dhulson8d@skype.com,Female,+62 268 815 7268,Indonesia,2/12/1926
303,Averell,Cready,acready8e@princeton.edu,Male,+86 511 539 2988,China,6/27/1912
304,Gawain,Delgardillo,gdelgardillo8f@weibo.com,Male,+86 438 375 9682,China,4/1/1949
305,Lonnie,MacGoun,lmacgoun8g@vkontakte.ru,Female,+86 666 294 7223,China,1/22/1984
306,Kenny,Brownsett,kbrownsett8h@nasa.gov,Male,+7 553 936 9933,Russia,11/8/1988
307,Meyer,Gabbat,mgabbat8i@spotify.com,Male,+86 645 634 7019,China,7/3/1905
308,Timmi,Heinzler,theinzler8j@mozilla.com,Female,+46 458 716 4547,Sweden,7/22/1987
309,Sharia,MacGorley,smacgorley8k@pinterest.com,Female,+63 377 565 7044,Philippines,7/6/2011
310,Cornelle,Lamplough,clamplough8l@posterous.com,Female,+86 409 405 8249,China,7/10/1957
311,Justus,Ivamy,jivamy8m@hubpages.com,Male,+353 616 137 6431,Ireland,8/17/1957
312,Nadiya,Davidoff,ndavidoff8n@usda.gov,Female,+351 756 735 6942,Portugal,11/5/1936
313,Cherise,Espasa,cespasa8o@illinois.edu,Female,+86 950 629 5924,China,11/1/1990
314,Almire,Lugsdin,alugsdin8p@last.fm,Female,+81 379 577 6045,Japan,10/16/1913
315,Barney,Dunstone,bdunstone8q@wikipedia.org,Male,+48 892 391 2198,Poland,12/31/1920
316,Bearnard,O'Hartnett,bohartnett8r@usda.gov,Male,+62 673 820 4262,Indonesia,8/1/1945
317,Davidde,Debling,ddebling8s@cdc.gov,Male,+46 446 299 7252,Sweden,11/3/2020
318,Slade,Ccomini,sccomini8t@digg.com,Polygender,+55 277 226 2833,Brazil,5/10/1948
319,Ben,Tregear,btregear8u@quantcast.com,Male,+86 741 792 6678,China,3/24/1903
320,Jacquie,Colleran,jcolleran8v@washington.edu,Female,+223 584 349 6835,Mali,5/5/1927
321,Natty,Haugeh,nhaugeh8w@e-recht24.de,Agender,+81 521 262 1693,Japan,1/29/1954
322,Marge,McKeggie,mmckeggie8x@edublogs.org,Female,+86 329 251 3637,China,6/4/1949
323,Arvin,Born,aborn8y@arizona.edu,Male,+972 242 385 2517,Israel,12/5/1954
324,Nancy,Duke,nduke8z@yolasite.com,Agender,+60 120 145 6668,Malaysia,9/2/1996
325,Jens,Redmell,jredmell90@guardian.co.uk,Male,+62 380 851 4475,Indonesia,6/11/1926
326,Lucius,Dukes,ldukes91@elpais.com,Male,+48 618 963 7047,Poland,4/14/2021
327,Briana,Catterick,bcatterick92@vk.com,Agender,+62 703 760 7672,Indonesia,12/19/1978
328,Granger,Lanfear,glanfear93@merriam-webster.com,Agender,+62 826 276 9321,Indonesia,3/20/1923
329,Joly,Dewis,jdewis94@about.me,Female,+380 612 866 3357,Ukraine,2/10/1976
330,Anthe,Wilshire,awilshire95@answers.com,Female,+33 638 210 2394,France,7/23/1968
331,Huberto,Lawly,hlawly96@examiner.com,Male,+1 326 372 8560,Canada,7/11/1917
332,Lem,Chinnock,lchinnock97@qq.com,Male,+30 704 558 1054,Greece,1/16/1995
333,Arnuad,Truggian,atruggian98@opera.com,Male,+62 416 643 0921,Indonesia,12/19/1928
334,Verge,Schaffler,vschaffler99@cloudflare.com,Male,+33 233 151 3525,France,9/11/1958
335,Asia,Mullinger,amullinger9a@friendfeed.com,Female,+62 371 380 8965,Indonesia,4/19/2009
336,Dallon,Anfrey,danfrey9b@icq.com,Male,+86 441 648 7705,China,8/22/1959
337,Grantham,Marnane,gmarnane9c@admin.ch,Non-binary,+358 462 420 6951,Finland,10/19/1931
338,Thaine,Anlay,tanlay9d@tripadvisor.com,Male,+7 865 990 8812,Russia,4/11/1962
339,Libbie,Joriot,ljoriot9e@ftc.gov,Female,+62 881 377 9785,Indonesia,7/5/1950
340,Babara,Edelheid,bedelheid9f@macromedia.com,Genderqueer,+46 319 289 4426,Sweden,8/8/1925
341,Aurel,Pethybridge,apethybridge9g@shinystat.com,Female,+355 230 406 5922,Albania,11/13/1914
342,Jayson,Woolford,jwoolford9h@noaa.gov,Male,+55 956 840 7576,Brazil,1/17/1988
343,Hakeem,Vardey,hvardey9i@hp.com,Non-binary,+66 690 928 2800,Thailand,5/25/1911
344,Rebbecca,Monery,rmonery9j@indiegogo.com,Female,+970 817 168 2555,Palestinian Territory,9/22/1986
345,Rochell,Sinson,rsinson9k@tripod.com,Female,+62 615 657 6146,Indonesia,11/22/1945
346,Tammi,Dobrowolski,tdobrowolski9l@jigsy.com,Female,+7 846 512 1869,Russia,9/3/1914
347,Gregory,Dougharty,gdougharty9m@hatena.ne.jp,Male,+351 204 491 0277,Portugal,7/28/1922
348,Darryl,Randal,drandal9n@state.gov,Male,+53 765 410 5114,Cuba,11/10/1905
349,Chip,Shields,cshields9o@miibeian.gov.cn,Male,+62 839 672 6383,Indonesia,12/24/1903
350,Emmalee,Pennrington,epennrington9p@seesaa.net,Female,+1 281 220 1904,United States,6/10/1953
351,Dael,Grestie,dgrestie9q@un.org,Female,+92 581 891 8952,Pakistan,10/12/1991
352,Willabella,Side,wside9r@hibu.com,Female,+86 455 421 6824,China,6/25/1987
353,Melosa,Vila,mvila9s@etsy.com,Female,+86 849 991 1031,China,3/23/1985
354,Colin,Damiata,cdamiata9t@princeton.edu,Male,+55 582 418 2839,Brazil,9/17/1907
355,Pyotr,Esslemont,pesslemont9u@prnewswire.com,Male,+505 495 766 1564,Nicaragua,5/12/1973
356,Montgomery,Peschke,mpeschke9v@etsy.com,Bigender,+52 375 952 7411,Mexico,8/18/2005
357,Jaimie,Densun,jdensun9w@mayoclinic.com,Genderfluid,+98 398 404 2501,Iran,12/17/1974
358,Parnell,Carlyon,pcarlyon9x@facebook.com,Male,+62 730 623 6112,Indonesia,5/31/1977
359,Allissa,Tuke,atuke9y@is.gd,Female,+507 332 683 0436,Panama,8/17/2001
360,Pen,McGeechan,pmcgeechan9z@mit.edu,Genderqueer,+1 336 554 8819,United States,8/24/1941
361,Breena,Semple,bsemplea0@twitter.com,Female,+62 898 604 5467,Indonesia,12/6/1967
362,Kristos,Raywood,kraywooda1@vistaprint.com,Male,+7 822 777 7121,Russia,6/1/1958
363,Boot,Wegman,bwegmana2@reverbnation.com,Polygender,+39 780 836 1258,Italy,10/31/1935
364,Mitchel,Aronoff,maronoffa3@smugmug.com,Male,+62 986 833 3408,Indonesia,3/18/1906
365,Gaston,Britland,gbritlanda4@alexa.com,Male,+86 218 787 1633,China,8/25/1917
366,Brendin,Dicken,bdickena5@dedecms.com,Male,+86 732 278 3066,China,7/31/2017
367,Desmond,Creaney,dcreaneya6@mysql.com,Male,+63 591 723 7999,Philippines,11/11/2022
368,Aylmer,Helian,aheliana7@bbb.org,Male,+20 859 489 7152,Egypt,7/9/2004
369,Othilie,Trasler,otraslera8@amazon.co.uk,Female,+48 242 297 7173,Poland,5/3/1917
370,Rufus,Blincowe,rblincowea9@noaa.gov,Bigender,+86 862 705 2981,China,1/12/1932
371,Viola,Miranda,vmirandaaa@etsy.com,Genderqueer,+86 432 147 7991,China,8/19/1979
372,Clayborne,Millea,cmilleaab@irs.gov,Male,+230 223 132 9266,Mauritius,3/10/1913
373,Gray,Jerratsch,gjerratschac@toplist.cz,Male,+48 121 852 5107,Poland,12/20/1906
374,Berrie,Endricci,bendricciad@slashdot.org,Female,+84 944 794 0004,Vietnam,1/10/1942
375,Felic,Le Monnier,flemonnierae@paginegialle.it,Male,+62 613 113 6641,Indonesia,4/27/2016
376,Eugen,Bulfoy,ebulfoyaf@squarespace.com,Male,+63 775 259 2018,Philippines,10/22/1993
377,Annnora,Sentinella,asentinellaag@stumbleupon.com,Female,+86 517 451 2731,China,1/8/1989
378,Janean,Ninnis,jninnisah@symantec.com,Female,+33 847 807 1070,France,5/7/1934
379,Lock,Chadd,lchaddai@gmpg.org,Non-binary,+86 824 808 4284,China,12/18/1934
380,Charity,Whitear,cwhitearaj@engadget.com,Female,+86 401 410 5265,China,5/5/1947
381,Johannah,Littler,jlittlerak@youtube.com,Female,+7 598 220 6331,Russia,10/5/1931
382,Mickie,Coxen,mcoxenal@economist.com,Male,+505 889 289 5004,Nicaragua,6/17/1997
383,Orlando,Jordeson,ojordesonam@statcounter.com,Male,+62 602 377 8350,Indonesia,3/7/1951
384,Glendon,Burland,gburlandan@hubpages.com,Male,+55 420 368 4324,Brazil,1/30/1967
385,Jonell,Iveson,jivesonao@gravatar.com,Female,+7 549 141 3301,Russia,7/1/1973
386,Deina,Manjot,dmanjotap@friendfeed.com,Female,+63 838 643 9274,Philippines,1/8/2017
387,Georgie,Cornbill,gcornbillaq@hhs.gov,Female,+380 417 585 2906,Ukraine,11/19/1989
388,Abbe,Lively,alivelyar@livejournal.com,Female,+86 272 954 4936,China,12/25/1964
389,Sarine,Keedy,skeedyas@scientificamerican.com,Female,+355 336 742 0462,Albania,2/1/1925
390,Walden,Hassewell,whassewellat@tamu.edu,Male,+86 784 742 9751,China,10/9/2010
391,Zsa zsa,Maasz,zmaaszau@nifty.com,Female,+86 623 416 1880,China,1/17/1902
392,Morten,Hryniewicki,mhryniewickiav@npr.org,Male,+46 855 342 6261,Sweden,11/30/2011
393,Jeth,Cloughton,jcloughtonaw@harvard.edu,Male,+7 701 906 1617,Russia,9/28/1977
394,Brendon,Kembrey,bkembreyax@mac.com,Male,+86 298 834 6640,China,8/22/1943
395,Estrellita,Wardhaw,ewardhaway@uiuc.edu,Female,+351 665 483 8364,Portugal,8/19/1996
396,Thorpe,McIlwreath,tmcilwreathaz@jigsy.com,Male,+84 835 579 3235,Vietnam,1/23/1920
397,Margo,Biggen,mbiggenb0@networkadvertising.org,Female,+7 314 885 9895,Russia,8/3/1985
398,Monroe,Haldon,mhaldonb1@china.com.cn,Male,+57 941 867 4266,Colombia,8/21/1939
399,Marius,Fyers,mfyersb2@cornell.edu,Male,+376 408 415 1601,Andorra,4/24/2018
400,Maggi,Howchin,mhowchinb3@typepad.com,Female,+86 704 736 5044,China,7/12/1931
401,Bradan,Galbraeth,bgalbraethb4@a8.net,Male,+33 247 448 8232,France,5/30/1997
402,Roseanna,Theriot,rtheriotb5@europa.eu,Female,+963 499 850 6552,Syria,5/25/2003
403,Kev,Caiger,kcaigerb6@flavors.me,Male,+92 319 130 6844,Pakistan,6/6/1933
404,Natala,Guiel,nguielb7@youku.com,Female,+46 114 432 6837,Sweden,5/7/1921
405,Kassandra,Musgrove,kmusgroveb8@pagesperso-orange.fr,Female,+47 145 506 6381,Norway,1/8/1944
406,Happy,Lohde,hlohdeb9@loc.gov,Female,+63 373 620 9791,Philippines,10/11/1925
407,Mylo,Charlson,mcharlsonba@ibm.com,Male,+47 524 574 7368,Norway,3/21/1943
408,Cammy,Ascroft,cascroftbb@php.net,Genderfluid,+592 975 981 1922,Guyana,1/20/2005
409,Ransom,Grunder,rgrunderbc@xinhuanet.com,Male,+55 910 541 6090,Brazil,5/7/2011
410,Maryann,Cathie,mcathiebd@miibeian.gov.cn,Female,+86 583 754 3173,China,10/20/1908
411,Boote,Liversley,bliversleybe@narod.ru,Male,+63 468 530 0374,Philippines,10/29/1932
412,Perceval,Scouller,pscoullerbf@wikimedia.org,Male,+372 447 285 8817,Estonia,8/16/1969
413,Mathian,Sanger,msangerbg@sourceforge.net,Agender,+86 421 123 1732,China,2/27/1921
414,Lydon,Averay,laveraybh@digg.com,Male,+86 335 877 3343,China,12/11/1990
415,Deane,Cluett,dcluettbi@cafepress.com,Male,+55 618 485 7976,Brazil,4/15/1958
416,Harriet,Feedome,hfeedomebj@comsenz.com,Female,+504 117 838 8073,Honduras,6/20/1982
417,Darryl,Colt,dcoltbk@typepad.com,Female,+86 697 734 7873,China,6/24/1947
418,Carie,Pettersen,cpettersenbl@whitehouse.gov,Female,+358 442 355 4989,Finland,3/3/1985
419,Ike,Dron,idronbm@addtoany.com,Male,+62 816 396 9552,Indonesia,3/16/1926
420,Hattie,Trethewey,htretheweybn@google.co.jp,Female,+386 279 889 9532,Slovenia,9/1/2015
421,Wells,Deluze,wdeluzebo@prweb.com,Male,+7 452 862 5426,Russia,4/8/1964
422,Marylin,Di Ruggero,mdiruggerobp@techcrunch.com,Female,+55 628 721 3419,Brazil,3/11/1959
423,Wallace,Surfleet,wsurfleetbq@cbslocal.com,Male,+507 827 233 0451,Panama,8/14/1956
424,Carleen,Flament,cflamentbr@illinois.edu,Female,+86 253 521 0755,China,12/1/1924
425,Audie,Joanic,ajoanicbs@dion.ne.jp,Genderfluid,+63 279 524 5386,Philippines,8/15/2019
426,Clim,Cornehl,ccornehlbt@hostgator.com,Male,+7 357 751 3731,Russia,3/28/1909
427,Athene,Folomkin,afolomkinbu@bing.com,Female,+972 602 369 9114,Israel,9/10/1975
428,Woody,Corkan,wcorkanbv@youku.com,Agender,+994 194 206 4591,Azerbaijan,7/22/1996
429,Kriste,Sandwick,ksandwickbw@wikimedia.org,Female,+44 266 935 9980,United Kingdom,12/26/1949
430,Ranice,Wilkenson,rwilkensonbx@pinterest.com,Agender,+504 603 628 7160,Honduras,9/25/1989
431,Ronna,Simons,rsimonsby@accuweather.com,Female,+93 294 810 8489,Afghanistan,8/2/1939
432,Frederik,Deverson,fdeversonbz@springer.com,Male,+234 552 651 5941,Nigeria,9/12/1918
433,Monty,Thams,mthamsc0@usda.gov,Agender,+51 284 706 8037,Peru,5/4/1926
434,Conan,McVicar,cmcvicarc1@wikispaces.com,Polygender,+251 693 375 9016,Ethiopia,10/25/1925
435,Shelbi,Dumphy,sdumphyc2@360.cn,Female,+1 716 859 4612,United States,7/14/2012
436,Noellyn,Hannen,nhannenc3@eventbrite.com,Female,+62 413 275 5982,Indonesia,3/28/1935
437,Toby,Allard,tallardc4@biblegateway.com,Male,+63 503 216 2685,Philippines,1/12/2017
438,Batholomew,McTrustam,bmctrustamc5@bing.com,Male,+95 761 876 8306,Myanmar,3/13/1921
439,Else,Stut,estutc6@google.ca,Female,+1 973 900 3095,Canada,10/5/1903
440,Chancey,Oade,coadec7@craigslist.org,Male,+355 433 457 6099,Albania,6/28/1933
441,Lonee,McKeller,lmckellerc8@tuttocitta.it,Female,+63 236 490 1276,Philippines,11/28/1902
442,Lexis,Brownhall,lbrownhallc9@hatena.ne.jp,Female,+234 550 297 2969,Nigeria,8/20/2016
443,Albrecht,Wort,awortca@nhs.uk,Male,+86 158 809 9444,China,9/11/1936
444,Elissa,Derkes,ederkescb@squidoo.com,Female,+86 801 814 1582,China,8/6/2016
445,Sibby,Ferronet,sferronetcc@skype.com,Female,+7 633 837 5857,Kazakhstan,4/25/2004
446,Guido,Mathet,gmathetcd@yolasite.com,Male,+49 127 724 6399,Germany,7/1/1952
447,Eduardo,Armin,earmince@msn.com,Male,+237 697 595 9001,Cameroon,5/15/2020
448,Mersey,Pottie,mpottiecf@omniture.com,Female,+81 625 521 7343,Japan,6/24/1955
449,Trudie,Cadding,tcaddingcg@ed.gov,Female,+48 943 200 4836,Poland,10/4/1941
450,Flor,Raoult,fraoultch@netvibes.com,Female,+386 826 524 1414,Slovenia,3/10/1939
451,Pattin,Covendon,pcovendonci@jalbum.net,Male,+62 418 544 2021,Indonesia,1/6/1983
452,Ediva,Pepperill,epepperillcj@godaddy.com,Polygender,+62 950 744 2168,Indonesia,1/23/1974
453,Jenilee,Patrono,jpatronock@wp.com,Female,+1 803 240 5957,United States,8/30/1977
454,Emilio,Merle,emerlecl@storify.com,Male,+375 184 211 2788,Belarus,8/18/1975
455,Conny,Bamsey,cbamseycm@instagram.com,Female,+7 835 233 3396,Kazakhstan,5/4/1946
456,Ebenezer,Monteath,emonteathcn@deliciousdays.com,Male,+972 272 747 7341,Israel,12/5/1915
457,Aveline,Hurler,ahurlerco@archive.org,Female,+52 542 934 0737,Mexico,7/7/1903
458,Mill,Goseling,mgoselingcp@ucoz.com,Male,+351 127 177 9988,Portugal,1/8/1947
459,Marena,Tivers,mtiverscq@apple.com,Female,+46 238 208 5613,Sweden,9/30/1901
460,Ferdie,Lakes,flakescr@virginia.edu,Male,+27 546 303 8174,South Africa,1/17/2001
461,Sharai,Hambling,shamblingcs@deliciousdays.com,Female,+62 421 344 2054,Indonesia,8/25/1975
462,Marci,Bedward,mbedwardct@wordpress.com,Female,+502 725 918 6775,Guatemala,4/9/2011
463,Helga,Ivshin,hivshincu@hostgator.com,Female,+966 926 367 1509,Saudi Arabia,10/22/2007
464,Mareah,Tippin,mtippincv@skype.com,Female,+86 634 972 1131,China,11/6/1998
465,Billi,MacAdam,bmacadamcw@unc.edu,Female,+86 532 731 8186,China,12/26/1979
466,Wylie,Hammor,whammorcx@sfgate.com,Male,+351 457 423 7631,Portugal,9/2/1971
467,Clive,Innwood,cinnwoodcy@liveinternet.ru,Male,+1 812 591 1407,Canada,3/1/2013
468,Hildagarde,Browell,hbrowellcz@shutterfly.com,Female,+7 882 645 0785,Russia,9/7/1961
469,Ariana,Wisam,awisamd0@posterous.com,Female,+375 266 826 8825,Belarus,11/14/1944
470,Reeba,Legrand,rlegrandd1@blogger.com,Female,+226 385 151 5615,Burkina Faso,12/14/1924
471,Spike,Mordey,smordeyd2@cisco.com,Male,+81 682 826 5210,Japan,9/24/1944
472,Grazia,Rumbelow,grumbelowd3@narod.ru,Female,+62 743 261 7704,Indonesia,5/2/1927
473,Donna,Davitti,ddavittid4@cdbaby.com,Female,+62 476 665 8939,Indonesia,9/21/1908
474,Nolana,Holton,nholtond5@mysql.com,Genderfluid,+420 558 296 8710,Czech Republic,9/17/1918
475,Talyah,Langlands,tlanglandsd6@wordpress.com,Female,+1 609 904 4077,United States,5/3/1903
476,Amelita,Wyldes,awyldesd7@usgs.gov,Female,+36 208 448 3256,Hungary,4/2/2019
477,Bearnard,Rubens,brubensd8@about.me,Male,+62 337 643 4992,Indonesia,2/4/1962
478,Maisey,Local,mlocald9@npr.org,Female,+7 311 500 4911,Russia,5/6/1904
479,Trisha,Tarbard,ttarbardda@npr.org,Female,+593 270 573 6015,Ecuador,3/20/1931
480,Alysia,Arsey,aarseydb@tripadvisor.com,Female,+269 387 717 4287,Mayotte,1/6/1945
481,Mimi,Rubertis,mrubertisdc@gov.uk,Female,+55 680 275 5677,Brazil,12/21/2006
482,Noam,Millward,nmillwarddd@tinyurl.com,Male,+386 940 928 2907,Slovenia,3/18/1907
483,Arel,Grundey,agrundeyde@yelp.com,Male,+86 377 697 4546,China,8/14/1910
484,Alfie,Farley,afarleydf@hugedomains.com,Male,+355 427 841 1338,Albania,8/11/1982
485,Ranice,Shorto,rshortodg@usnews.com,Female,+63 314 657 2869,Philippines,10/22/1922
486,Mord,Schermick,mschermickdh@webeden.co.uk,Male,+968 770 550 5940,Oman,7/4/1981
487,Carlynne,Glavis,cglavisdi@google.nl,Female,+220 608 754 4372,Gambia,8/29/2009
488,Nevins,Mawne,nmawnedj@google.com.br,Male,+380 843 838 5435,Ukraine,7/27/1946
489,Lise,Tilly,ltillydk@loc.gov,Female,+86 199 866 9227,China,11/1/2004
490,Kevin,Pabelik,kpabelikdl@sciencedaily.com,Male,+63 362 550 0726,Philippines,3/11/2007
491,Alastair,Van der Spohr,avanderspohrdm@state.tx.us,Male,+31 905 552 1361,Netherlands,11/19/1951
492,Jon,Kepp,jkeppdn@stumbleupon.com,Genderqueer,+44 507 538 3617,United Kingdom,1/23/2001
493,Karla,Leathard,kleatharddo@hhs.gov,Female,+86 106 470 7715,China,12/19/1991
494,Tisha,Andrivel,tandriveldp@ebay.com,Female,+234 589 177 1816,Nigeria,9/6/2007
495,Tabb,Ruoss,truossdq@narod.ru,Male,+86 704 267 6950,China,5/2/1970
496,Elenore,Servante,eservantedr@uol.com.br,Female,+86 310 351 2308,China,2/7/1938
497,Anatole,Malecky,amaleckyds@tuttocitta.it,Male,+1 626 737 6616,United States,7/12/1948
498,Augustin,Cavaney,acavaneydt@wikipedia.org,Male,+62 129 805 2519,Indonesia,10/29/1949
499,Donall,Haughan,dhaughandu@surveymonkey.com,Male,+967 457 465 3600,Yemen,7/20/1964
500,Rosemonde,Ilyushkin,rilyushkindv@japanpost.jp,Genderqueer,+62 731 700 8935,Indonesia,7/5/1995
501,Carlina,Meddemmen,cmeddemmendw@ocn.ne.jp,Female,+237 205 810 1594,Cameroon,6/15/2001
502,Rusty,Sanzio,rsanziodx@bravesites.com,Male,+1 626 610 6532,United States,9/7/2018
503,Sayres,Wyborn,swyborndy@freewebs.com,Non-binary,+224 113 606 8271,Guinea,4/8/1907
504,Armstrong,Anmore,aanmoredz@jigsy.com,Male,+501 952 895 4273,Belize,2/13/1924
505,Griffy,Penniell,gpennielle0@ft.com,Male,+60 251 132 4582,Malaysia,2/20/1914
506,Hilde,Mitcham,hmitchame1@free.fr,Female,+7 702 868 0555,Russia,9/18/2016
507,Sandor,Breissan,sbreissane2@webnode.com,Male,+387 831 251 3995,Bosnia and Herzegovina,12/18/1976
508,Richart,Matuska,rmatuskae3@omniture.com,Male,+63 550 506 7459,Philippines,2/10/1915
509,Sybil,Wolffers,swolfferse4@engadget.com,Agender,+351 800 464 1876,Portugal,1/17/1938
510,Percy,Jovicic,pjovicice5@washington.edu,Male,+1 983 880 5663,Canada,7/22/1975
511,Nikolaus,O'Cuddie,nocuddiee6@salon.com,Agender,+86 724 960 2149,China,10/15/1987
512,Virgina,Bottomer,vbottomere7@washington.edu,Female,+86 461 330 7754,China,6/19/1949
513,Forster,Manley,fmanleye8@google.de,Male,+48 384 930 0434,Poland,11/21/1937
514,Meghan,Liggins,mligginse9@japanpost.jp,Genderqueer,+47 480 120 5228,Norway,8/10/2006
515,Micki,Hargraves,mhargravesea@pcworld.com,Female,+86 569 849 6265,China,1/10/1913
516,Demetra,Binny,dbinnyeb@foxnews.com,Non-binary,+503 982 485 4370,El Salvador,6/30/1902
517,Karylin,Jaggard,kjaggardec@yellowbook.com,Female,+86 100 286 0691,China,10/24/2015
518,Eal,Lambol,elamboled@gnu.org,Male,+63 314 560 5133,Philippines,12/28/1943
519,Othella,Domeney,odomeneyee@craigslist.org,Female,+230 871 445 4188,Mauritius,10/20/1995
520,Anetta,Ackwood,aackwoodef@barnesandnoble.com,Female,+420 256 472 4755,Czech Republic,5/5/1998
521,Tiffy,Stutard,tstutardeg@example.com,Genderfluid,+880 834 589 7614,Bangladesh,5/23/1962
522,Mendel,Curlis,mcurliseh@stanford.edu,Male,+63 394 364 5948,Philippines,4/23/1977
523,Alisha,Guerner,aguernerei@delicious.com,Female,+30 849 942 2754,Greece,11/23/1964
524,Dehlia,Thamelt,dthameltej@go.com,Female,+86 560 881 8019,China,5/2/2011
525,Hartwell,Strank,hstrankek@latimes.com,Male,+52 978 996 9970,Mexico,6/23/1987
526,Arlinda,Swanger,aswangerel@cdbaby.com,Female,+81 854 453 8461,Japan,9/28/2004
527,Iolanthe,Aleksankin,ialeksankinem@webmd.com,Polygender,+502 895 335 9822,Guatemala,5/11/2017
528,Fidela,Meak,fmeaken@washington.edu,Female,+63 165 236 8709,Philippines,4/13/1908
529,Jase,Goundry,jgoundryeo@squarespace.com,Male,+227 480 388 5575,Niger,12/1/1914
530,Monty,Bleue,mbleueep@newsvine.com,Male,+86 844 962 3259,China,11/25/1977
531,Leon,Binyon,lbinyoneq@globo.com,Male,+33 594 133 7895,France,7/13/1907
532,Wat,Belbin,wbelbiner@vistaprint.com,Male,+234 643 161 3846,Nigeria,10/22/1906
533,Kristoforo,Rusbridge,krusbridgees@rambler.ru,Male,+970 703 388 0137,Palestinian Territory,6/11/1959
534,Emmit,Grishenkov,egrishenkovet@oaic.gov.au,Male,+86 371 464 9404,China,8/7/1994
535,Ozzy,Gatch,ogatcheu@yellowbook.com,Male,+86 326 291 4005,China,6/17/1970
536,Silvie,Rosser,srosserev@yelp.com,Female,+63 706 656 3072,Philippines,2/16/1948
537,Regen,Gouthier,rgouthierew@umich.edu,Male,+86 426 424 1340,China,8/15/1943
538,Sarene,de Savery,sdesaveryex@webmd.com,Female,+33 600 600 3129,France,3/22/1905
539,Flori,Annett,fannettey@about.com,Female,+880 183 732 4678,Bangladesh,8/18/1909
540,Leone,Olivet,lolivetez@ow.ly,Female,+81 886 903 8825,Japan,3/14/1997
541,Desirae,Campelli,dcampellif0@go.com,Female,+86 734 583 1950,China,3/13/2011
542,Annis,Pien,apienf1@storify.com,Female,+62 260 969 4211,Indonesia,4/3/1962
543,Barnard,Portman,bportmanf2@opera.com,Male,+7 851 739 7384,Russia,8/19/1969
544,Aldon,Froschauer,afroschauerf3@github.io,Male,+7 297 278 3975,Russia,6/24/1931
545,Berty,Hawick,bhawickf4@elegantthemes.com,Non-binary,+86 306 169 1340,China,5/27/1910
546,Tiffanie,Graine,tgrainef5@facebook.com,Female,+30 762 379 0298,Greece,10/19/1944
547,Woodie,Bunworth,wbunworthf6@people.com.cn,Male,+1 124 251 1613,Canada,7/13/1982
548,Diena,Tuffs,dtuffsf7@linkedin.com,Female,+62 178 564 8743,Indonesia,3/6/2007
549,Ruddy,Antoszewski,rantoszewskif8@miibeian.gov.cn,Male,+93 697 629 2145,Afghanistan,9/25/1957
550,Goldie,Horsted,ghorstedf9@qq.com,Female,+86 878 994 6295,China,12/29/1954
551,Ange,Shackel,ashackelfa@newsvine.com,Male,+1 612 606 3915,Canada,1/6/1905
552,Celisse,Sherred,csherredfb@statcounter.com,Female,+86 664 550 9614,China,5/2/1988
553,Laurette,Krochmann,lkrochmannfc@4shared.com,Female,+86 652 708 6806,China,8/13/1929
554,Giraldo,Heynel,gheynelfd@sohu.com,Male,+86 255 665 1846,China,12/8/1925
555,Jillayne,Handscombe,jhandscombefe@slate.com,Agender,+86 681 671 4889,China,8/3/1925
556,Mozelle,Simms,msimmsff@blogtalkradio.com,Female,+242 747 725 8682,Democratic Republic of the Congo,3/15/1917
557,Gypsy,Ramey,grameyfg@google.com.hk,Female,+86 317 372 5490,China,10/30/1972
558,Mitchael,Krochmann,mkrochmannfh@phpbb.com,Male,+33 668 634 2811,France,7/9/1927
559,Tamra,Toner,ttonerfi@yale.edu,Female,+1 208 959 8989,United States,6/8/1963
560,Murry,Repper,mrepperfj@oracle.com,Male,+48 990 425 6256,Poland,4/13/1920
561,Kania,Brodhead,kbrodheadfk@comsenz.com,Female,+48 761 514 4576,Poland,1/3/2005
562,Evelyn,Boulger,eboulgerfl@yandex.ru,Female,+51 456 251 0664,Peru,10/23/1983
563,Reynolds,Rosenboim,rrosenboimfm@wufoo.com,Agender,+1 179 543 4379,Jamaica,3/22/2018
564,Boyce,Bullas,bbullasfn@hhs.gov,Male,+86 389 356 4951,China,3/22/1977
565,Frederique,Rablen,frablenfo@ted.com,Female,+370 850 478 8296,Lithuania,12/13/2013
566,Cherish,Mougenel,cmougenelfp@cafepress.com,Female,+62 887 482 1497,Indonesia,12/17/1989
567,Gabie,Ixor,gixorfq@tiny.cc,Male,+46 985 771 5530,Sweden,6/19/1940
568,Aluin,Geke,agekefr@skyrock.com,Male,+381 103 543 6582,Serbia,3/10/1998
569,Carroll,Ninnis,cninnisfs@walmart.com,Female,+1 717 761 0518,United States,8/6/1996
570,Ikey,Gye,igyeft@earthlink.net,Male,+7 131 575 5738,Russia,4/30/1934
571,Gerome,Purse,gpursefu@cnbc.com,Male,+63 551 325 6056,Philippines,2/22/1910
572,Philomena,Puzey,ppuzeyfv@adobe.com,Female,+57 271 901 8296,Colombia,10/21/1947
573,Rosina,Capaldo,rcapaldofw@telegraph.co.uk,Female,+33 997 519 6514,France,10/5/1980
574,Jerald,Turfrey,jturfreyfx@taobao.com,Male,+20 158 860 5322,Egypt,7/11/1997
575,Issiah,Seal,isealfy@parallels.com,Male,+48 147 580 2378,Poland,9/29/1936
576,Romona,Pisco,rpiscofz@hexun.com,Female,+86 754 726 0834,China,11/2/2012
577,Anatol,Lemery,alemeryg0@ning.com,Male,+86 388 509 8968,China,4/3/1964
578,Cliff,Kynan,ckynang1@zdnet.com,Male,+55 838 124 7683,Brazil,7/18/1914
579,Krissy,Matteini,kmatteinig2@yolasite.com,Female,+351 880 420 3131,Portugal,11/26/1903
580,Joanna,Arnold,jarnoldg3@dion.ne.jp,Female,+230 278 185 9744,Mauritius,6/7/2019
581,Millie,Lorincz,mlorinczg4@eventbrite.com,Female,+84 947 615 9909,Vietnam,3/10/1971
582,Perle,Insull,pinsullg5@alibaba.com,Bigender,+86 560 396 7301,China,2/12/1995
583,Steffane,Mariet,smarietg6@google.de,Female,+86 137 217 8101,China,7/25/2018
584,Jaimie,Izzatt,jizzattg7@gnu.org,Male,+93 740 486 4356,Afghanistan,1/3/1950
585,Edward,Hawkes,ehawkesg8@mashable.com,Male,+58 591 638 2244,Venezuela,2/13/1945
586,Allyn,Bramsen,abramseng9@amazon.com,Female,+46 269 241 4231,Sweden,12/28/1926
587,Bentley,Simcox,bsimcoxga@jugem.jp,Male,+7 548 367 9384,Russia,2/13/2015
588,Marian,Jaggard,mjaggardgb@unicef.org,Female,+976 861 406 6853,Mongolia,2/12/1930
589,Willis,Reddihough,wreddihoughgc@ezinearticles.com,Male,+86 316 531 4168,China,12/21/2017
590,Gothart,Whittlesey,gwhittleseygd@un.org,Male,+95 882 452 5328,Myanmar,4/14/1914
591,Leonard,Bonifacio,lbonifacioge@imdb.com,Male,+55 688 664 0954,Brazil,6/2/1901
592,Horatio,Matson,hmatsongf@fda.gov,Male,+86 197 882 3629,China,6/8/2019
593,Ariadne,Sneaker,asneakergg@apple.com,Female,+62 995 863 5610,Indonesia,6/17/1901
594,Delilah,McLellan,dmclellangh@dailymail.co.uk,Female,+86 195 223 7971,China,9/29/1974
595,Daloris,Josefowicz,djosefowiczgi@google.ca,Female,+63 338 440 8991,Philippines,2/26/1947
596,Latrena,Longstreet,llongstreetgj@unesco.org,Female,+63 318 376 9854,Philippines,9/23/1937
597,Xever,Windus,xwindusgk@google.com,Male,+33 514 122 4315,France,1/15/1904
598,Pamelina,Aleswell,paleswellgl@paginegialle.it,Female,+54 499 382 6611,Argentina,8/18/2014
599,Tybalt,Fagge,tfaggegm@oaic.gov.au,Male,+1 513 383 2093,United States,1/9/1921
600,Demetris,Mitchall,dmitchallgn@ovh.net,Female,+86 501 265 8413,China,10/1/2018
601,Riane,Murrigan,rmurrigango@baidu.com,Female,+1 203 819 8040,United States,12/20/2002
602,Adan,Gurley,agurleygp@alibaba.com,Male,+51 248 140 9782,Peru,5/23/1904
603,Toby,Kelshaw,tkelshawgq@wired.com,Male,+48 664 575 2916,Poland,10/20/1915
604,Odey,Dorken,odorkengr@utexas.edu,Bigender,+973 569 191 9564,Bahrain,5/8/1914
605,Simone,Cocci,scoccigs@netscape.com,Female,+62 365 838 7262,Indonesia,9/9/1940
606,Carin,Winspur,cwinspurgt@wikispaces.com,Female,+7 129 194 7425,Russia,5/16/1946
607,Benn,Spratling,bspratlinggu@arstechnica.com,Male,+48 685 837 6928,Poland,10/6/2005
608,Othello,Humphery,ohumpherygv@princeton.edu,Male,+63 703 110 4196,Philippines,5/18/1918
609,Tadd,Hudghton,thudghtongw@woothemes.com,Male,+380 809 890 4125,Ukraine,7/14/1981
610,Erhard,Beades,ebeadesgx@tuttocitta.it,Male,+880 727 336 0704,Bangladesh,9/14/1970
611,Thaxter,Ellins,tellinsgy@blinklist.com,Male,+56 232 482 3138,Chile,3/25/1979
612,Fergus,Rutgers,frutgersgz@cbc.ca,Non-binary,+1 763 485 3217,United States,11/22/1965
613,Alikee,Espinoy,aespinoyh0@unesco.org,Female,+976 590 458 1409,Mongolia,6/13/1918
614,Murray,Edkins,medkinsh1@deliciousdays.com,Male,+886 615 125 5671,Taiwan,8/6/1982
615,Hobey,Kerswell,hkerswellh2@cnbc.com,Male,+62 308 963 4005,Indonesia,8/13/1930
616,Skipper,Alcalde,salcaldeh3@tinypic.com,Male,+86 859 698 1509,China,3/20/1986
617,Latrina,Borell,lborellh4@lycos.com,Female,+48 695 523 5952,Poland,11/15/1976
618,Paige,De Francesco,pdefrancescoh5@buzzfeed.com,Male,+86 374 886 7421,China,9/24/2016
619,Constantino,Jay,cjayh6@multiply.com,Male,+33 720 642 2717,France,12/20/1946
620,Jim,Edwardes,jedwardesh7@xinhuanet.com,Male,+389 801 335 4973,Macedonia,3/30/1906
621,Horatio,Kleinhandler,hkleinhandlerh8@livejournal.com,Male,+266 287 651 0051,Lesotho,2/11/1914
622,Kikelia,Sherwill,ksherwillh9@ox.ac.uk,Female,+86 101 289 5144,China,11/12/1995
623,Dasi,Bollins,dbollinsha@livejournal.com,Polygender,+86 649 700 0781,China,12/2/1984
624,Dot,Hake,dhakehb@miibeian.gov.cn,Female,+86 258 265 2899,China,4/20/1968
625,Harland,Woffenden,hwoffendenhc@amazonaws.com,Male,+389 361 357 7673,Macedonia,7/20/2017
626,Flin,Sly,fslyhd@umn.edu,Male,+27 480 136 6244,South Africa,2/15/1905
627,Feodor,Hedgecock,fhedgecockhe@bluehost.com,Male,+63 873 254 9482,Philippines,7/26/2016
628,Kenyon,Goodrich,kgoodrichhf@sphinn.com,Male,+20 130 752 3219,Egypt,1/12/1980
629,Melba,Rodger,mrodgerhg@msu.edu,Female,+33 152 139 6326,France,5/26/1990
630,Janel,Bahls,jbahlshh@hostgator.com,Female,+63 114 515 8249,Philippines,10/27/1910
631,Ema,Blare,eblarehi@mashable.com,Female,+46 336 444 0474,Sweden,2/15/1937
632,Will,Jacop,wjacophj@intel.com,Male,+86 972 482 4588,China,6/10/1904
633,Annice,Kennett,akennetthk@last.fm,Female,+7 373 978 8473,Russia,8/9/1993
634,Sharon,Quirke,squirkehl@ifeng.com,Agender,+7 975 301 9367,Russia,11/15/1976
635,Timoteo,Hann,thannhm@dion.ne.jp,Male,+62 182 367 1981,Indonesia,1/15/1948
636,Terri-jo,Alekhov,talekhovhn@instagram.com,Genderfluid,+57 331 262 8084,Colombia,3/7/1961
637,Johnna,Wrack,jwrackho@mail.ru,Genderfluid,+255 635 926 2722,Tanzania,11/25/2012
638,Meghan,Brauninger,mbrauningerhp@sohu.com,Female,+48 993 779 6526,Poland,5/7/1907
639,Turner,Urrey,turreyhq@twitter.com,Male,+86 119 574 3309,China,3/25/1995
640,Matilde,Beeston,mbeestonhr@tmall.com,Female,+351 104 803 8225,Portugal,8/11/1969
641,Kala,Blacket,kblackeths@opera.com,Agender,+63 597 846 9072,Philippines,4/9/1975
642,Milzie,Jefford,mjeffordht@google.ca,Female,+264 676 435 7294,Namibia,8/11/2018
643,Davy,Hitter,dhitterhu@independent.co.uk,Male,+55 341 658 4123,Brazil,10/29/1919
644,Shepperd,Roscam,sroscamhv@istockphoto.com,Male,+62 803 217 5459,Indonesia,5/26/1997
645,Freemon,Casa,fcasahw@macromedia.com,Male,+84 435 268 3228,Vietnam,12/11/1902
646,Sauncho,Dunne,sdunnehx@netscape.com,Male,+351 929 906 8116,Portugal,9/27/1906
647,Jared,Bulleyn,jbulleynhy@ustream.tv,Male,+504 581 312 4298,Honduras,10/14/1971
648,Edithe,Grainger,egraingerhz@ezinearticles.com,Female,+62 921 872 5111,Indonesia,7/21/1952
649,Markos,Tole,mtolei0@newyorker.com,Male,+995 333 171 5490,Georgia,3/16/1920
650,Bailey,Luesley,bluesleyi1@spiegel.de,Male,+33 199 706 8258,France,9/7/2005
651,Althea,Shiel,ashieli2@prlog.org,Female,+503 657 600 1207,El Salvador,10/4/1947
652,Rex,Albrooke,ralbrookei3@washingtonpost.com,Male,+55 369 442 0294,Brazil,10/22/1938
653,Krissie,Bogies,kbogiesi4@photobucket.com,Genderqueer,+380 553 538 1934,Ukraine,7/16/1990
654,Muire,Cutmore,mcutmorei5@pagesperso-orange.fr,Non-binary,+1 361 477 9117,Canada,4/19/1966
655,Tabitha,Cartwright,tcartwrighti6@sakura.ne.jp,Female,+54 327 470 3660,Argentina,3/7/1975
656,Hanny,Tott,htotti7@fc2.com,Female,+380 464 389 6368,Ukraine,1/7/1994
657,Krispin,Dorgon,kdorgoni8@blogger.com,Non-binary,+351 326 440 5449,Portugal,9/5/2010
658,Melitta,Seawell,mseawelli9@mayoclinic.com,Female,+46 819 782 1598,Sweden,12/19/2019
659,Josi,Fetherston,jfetherstonia@webmd.com,Bigender,+351 286 749 1956,Portugal,11/20/1983
660,Doug,Bernucci,dbernucciib@google.es,Male,+62 618 344 9357,Indonesia,1/23/1953
661,Vance,Paffley,vpaffleyic@dmoz.org,Male,+57 527 774 9346,Colombia,11/12/1932
662,Micki,Kingcote,mkingcoteid@answers.com,Female,+86 285 797 3255,China,7/30/2008
663,Kerrill,Barnes,kbarnesie@google.co.uk,Agender,+351 543 448 2584,Portugal,1/12/1909
664,Cortie,Griffoen,cgriffoenif@adobe.com,Male,+62 337 108 4557,Indonesia,8/20/1934
665,Patten,Faraday,pfaradayig@forbes.com,Male,+62 905 548 3450,Indonesia,6/25/1980
666,Perren,Alans,palansih@noaa.gov,Male,+60 857 566 5689,Malaysia,8/5/1997
667,Elbert,Yexley,eyexleyii@xinhuanet.com,Male,+57 246 275 6048,Colombia,8/4/1976
668,Emmit,Eglese,eegleseij@friendfeed.com,Male,+62 470 666 1131,Indonesia,3/17/1938
669,Alley,Douthwaite,adouthwaiteik@uiuc.edu,Male,+7 334 930 5128,Russia,3/29/2007
670,Catina,Lockey,clockeyil@xrea.com,Female,+62 581 419 8917,Indonesia,6/15/1995
671,Catherina,Gapper,cgapperim@123-reg.co.uk,Female,+86 679 514 9000,China,6/4/1905
672,Crystal,Gitsham,cgitshamin@ezinearticles.com,Female,+33 584 919 6239,France,7/26/2004
673,Corella,Dominey,cdomineyio@bloglines.com,Female,+20 206 454 3132,Egypt,8/1/1929
674,Pat,Plitz,pplitzip@jimdo.com,Male,+62 279 396 9864,Indonesia,8/5/1955
675,Almeta,Banasiak,abanasiakiq@addtoany.com,Agender,+57 427 916 7960,Colombia,11/27/2008
676,Eddi,Awdry,eawdryir@buzzfeed.com,Female,+62 675 629 1653,Indonesia,5/25/1997
677,Hasty,Headey,hheadeyis@instagram.com,Male,+63 288 117 5559,Philippines,7/28/1967
678,Arie,Brandrick,abrandrickit@bbb.org,Male,+46 402 819 8078,Sweden,3/19/1955
679,Marcus,Seczyk,mseczykiu@biblegateway.com,Male,+972 772 308 5970,Israel,3/19/2021
680,Marcy,Gariff,mgariffiv@adobe.com,Female,+86 575 157 7998,China,2/29/2012
681,Franni,Comar,fcomariw@sfgate.com,Female,+7 333 822 2101,Russia,2/20/1977
682,Crystie,Yearron,cyearronix@discovery.com,Female,+86 530 557 0241,China,10/21/2002
683,Alidia,Lortzing,alortzingiy@biblegateway.com,Female,+54 642 874 3599,Argentina,10/23/2009
684,Claire,Caseborne,ccaseborneiz@google.ca,Female,+86 107 753 0665,China,2/14/1977
685,Michaeline,Parken,mparkenj0@salon.com,Female,+30 170 677 7047,Greece,1/17/1932
686,Chrotoem,Yvens,cyvensj1@nature.com,Male,+7 411 476 8781,Russia,2/25/1922
687,Carmel,Zanotti,czanottij2@macromedia.com,Female,+56 113 894 9072,Chile,1/16/2006
688,Taylor,Blainey,tblaineyj3@goo.ne.jp,Male,+62 970 650 2315,Indonesia,1/10/2005
689,Jonathon,Nyssen,jnyssenj4@joomla.org,Male,+86 347 687 1032,China,3/7/1936
690,Claudetta,Sharnock,csharnockj5@mysql.com,Female,+46 212 184 4044,Sweden,9/26/1917
691,Julianne,Maltby,jmaltbyj6@360.cn,Female,+46 290 913 3896,Sweden,9/27/1911
692,Jorge,Sandiford,jsandifordj7@bigcartel.com,Male,+48 614 979 2951,Poland,5/14/1983
693,Maitilde,Bosnell,mbosnellj8@blogtalkradio.com,Female,+66 124 949 1787,Thailand,10/25/1958
694,Conni,Hawkswood,chawkswoodj9@1und1.de,Female,+504 121 969 3616,Honduras,3/11/2011
695,Perice,Ranyard,pranyardja@jalbum.net,Male,+52 814 636 9362,Mexico,8/29/1948
696,Franzen,Poulton,fpoultonjb@mediafire.com,Male,+62 855 925 4671,Indonesia,4/28/1962
697,Duke,Peltz,dpeltzjc@paginegialle.it,Male,+234 935 327 8816,Nigeria,4/15/1928
698,Robyn,Cleaver,rcleaverjd@toplist.cz,Female,+267 713 115 6153,Botswana,7/6/1921
699,Addie,Allatt,aallattje@yolasite.com,Male,+30 997 240 6448,Greece,7/4/1951
700,Delinda,Urridge,durridgejf@howstuffworks.com,Female,+254 802 450 8262,Kenya,10/14/2016
701,Betteanne,Zisneros,bzisnerosjg@histats.com,Female,+33 208 210 3928,France,11/13/1935
702,Audie,McPherson,amcphersonjh@imgur.com,Female,+54 509 944 3583,Argentina,6/6/1905
703,Fredelia,McGowing,fmcgowingji@house.gov,Female,+41 132 305 4714,Switzerland,4/29/1961
704,Ibrahim,Burrells,iburrellsjj@twitter.com,Male,+62 280 318 4097,Indonesia,7/12/1922
705,Nye,Codling,ncodlingjk@cisco.com,Male,+86 407 180 2715,China,7/4/1947
706,Eulalie,Leroux,elerouxjl@weebly.com,Female,+86 958 875 3308,China,3/5/1932
707,Regan,McGuggy,rmcguggyjm@squidoo.com,Male,+66 874 801 5963,Thailand,12/19/2014
708,Nathanil,Garrique,ngarriquejn@aol.com,Male,+86 933 983 6806,China,2/6/1993
709,Amaleta,Vidyapin,avidyapinjo@microsoft.com,Female,+55 613 689 6724,Brazil,9/20/1946
710,Dominga,Lowton,dlowtonjp@ovh.net,Female,+62 468 235 5611,Indonesia,12/19/1941
711,Ximenes,Klaussen,xklaussenjq@amazon.de,Male,+7 423 371 8581,Russia,12/22/1941
712,Alfredo,Chisman,achismanjr@webs.com,Male,+86 508 142 8702,China,7/26/1995
713,Shelley,Hexter,shexterjs@bigcartel.com,Female,+966 547 793 3306,Saudi Arabia,5/19/1972
714,Bendicty,Dolby,bdolbyjt@wisc.edu,Polygender,+7 689 816 8583,Russia,9/12/1960
715,Baxter,Otley,botleyju@utexas.edu,Male,+86 391 892 5768,China,10/17/1933
716,Orsola,Duthy,oduthyjv@uol.com.br,Female,+1 704 332 5721,United States,8/10/2017
717,Tess,Wixey,twixeyjw@123-reg.co.uk,Female,+86 217 413 0711,China,10/1/1945
718,Lee,Clarabut,lclarabutjx@chronoengine.com,Male,+380 395 916 6155,Ukraine,8/21/2004
719,Errick,Merrill,emerrilljy@usnews.com,Male,+62 509 700 7156,Indonesia,2/3/2021
720,Hamish,Rigney,hrigneyjz@wufoo.com,Male,+48 937 159 4619,Poland,5/7/1985
721,Ewart,McNeigh,emcneighk0@wufoo.com,Male,+86 876 461 7960,China,6/1/1987
722,Abagael,Fulcher,afulcherk1@bluehost.com,Female,+86 311 818 4002,China,6/4/2014
723,Laurens,Halsall,lhalsallk2@ycombinator.com,Bigender,+62 712 520 2174,Indonesia,3/8/1952
724,Wash,Filchakov,wfilchakovk3@infoseek.co.jp,Male,+86 544 750 2277,China,3/25/1907
725,Arabella,Eastman,aeastmank4@newsvine.com,Female,+81 237 805 8308,Japan,10/25/2016
726,Violette,Fletcher,vfletcherk5@last.fm,Female,+48 277 490 5921,Poland,8/7/1976
727,Chrissie,McMickan,cmcmickank6@google.com.hk,Male,+86 558 643 3668,China,11/22/1970
728,Neall,Spanton,nspantonk7@sakura.ne.jp,Male,+86 338 149 7487,China,1/11/1937
729,Charity,Budcock,cbudcockk8@seattletimes.com,Female,+33 486 453 7723,France,2/6/1906
730,Wyn,Daunay,wdaunayk9@devhub.com,Male,+86 688 608 5234,China,12/20/2004
731,Nikolas,Dawe,ndaweka@yelp.com,Male,+94 771 461 1340,Sri Lanka,11/5/2021
732,Chas,McGuiness,cmcguinesskb@e-recht24.de,Male,+47 824 978 8811,Norway,6/6/1976
733,Jedediah,Hankey,jhankeykc@eventbrite.com,Male,+62 125 902 4650,Indonesia,9/14/2014
734,Normy,Dillow,ndillowkd@omniture.com,Male,+30 149 561 3376,Greece,9/8/1964
735,Merrel,Russam,mrussamke@mayoclinic.com,Male,+380 850 232 0910,Ukraine,5/2/1902
736,Tudor,Shenley,tshenleykf@economist.com,Male,+351 987 658 8797,Portugal,2/22/1926
737,Theodor,Howle,thowlekg@mlb.com,Male,+976 723 452 0939,Mongolia,9/26/1929
738,Cassondra,Jeffcoat,cjeffcoatkh@cargocollective.com,Female,+1 303 248 5620,United States,10/17/2009
739,Rhody,Sparham,rsparhamki@un.org,Female,+1 809 558 9356,Canada,3/28/2010
740,Jamie,Berard,jberardkj@hexun.com,Female,+86 878 685 8665,China,5/4/1945
741,Flory,Zum Felde,fzumfeldekk@fotki.com,Male,+62 336 684 4864,Indonesia,7/5/1927
742,Sheelagh,Cookson,scooksonkl@wunderground.com,Bigender,+86 797 137 6779,China,10/24/1975
743,Mindy,Northfield,mnorthfieldkm@fda.gov,Female,+963 788 917 3367,Syria,4/14/1933
744,Dosi,Ham,dhamkn@merriam-webster.com,Female,+63 639 822 7624,Philippines,8/5/1951
745,Daryl,Winchcomb,dwinchcombko@japanpost.jp,Female,+7 628 426 6260,Russia,8/14/1918
746,Curcio,Turpey,cturpeykp@huffingtonpost.com,Non-binary,+51 358 726 9638,Peru,5/7/1989
747,Sayres,Pendell,spendellkq@tripadvisor.com,Male,+62 923 940 6338,Indonesia,2/13/2014
748,Arnuad,Grayston,agraystonkr@cafepress.com,Male,+351 163 339 8878,Portugal,4/17/2019
749,Emmanuel,Daldan,edaldanks@deliciousdays.com,Male,+351 829 765 9885,Portugal,6/3/1969
750,Bryce,Coburn,bcoburnkt@java.com,Male,+46 806 821 2538,Sweden,3/18/1934
751,Marline,Kennifick,mkennifickku@state.gov,Female,+48 157 912 2394,Poland,4/11/1905
752,Pancho,Smorthit,psmorthitkv@unblog.fr,Male,+48 749 319 6932,Poland,10/31/1914
753,Siana,Pooley,spooleykw@ovh.net,Female,+63 909 326 4041,Philippines,3/11/1991
754,Charlie,Whyard,cwhyardkx@washingtonpost.com,Male,+48 543 409 6159,Poland,1/1/1932
755,Kessia,Geator,kgeatorky@psu.edu,Female,+46 482 589 0556,Sweden,12/25/1929
756,Slade,Sidle,ssidlekz@addtoany.com,Male,+86 501 810 0750,China,12/9/1950
757,Ximenez,Rebbeck,xrebbeckl0@google.it,Male,+86 515 941 6272,China,6/2/2009
758,Tobe,Crannis,tcrannisl1@dot.gov,Female,+212 288 914 1110,Morocco,9/12/1993
759,Shae,Norcliff,snorcliffl2@psu.edu,Male,+86 248 892 6686,China,9/22/1974
760,Lawrence,Duly,ldulyl3@dot.gov,Genderfluid,+86 671 141 9149,China,9/17/1930
761,Luther,Schulze,lschulzel4@mediafire.com,Male,+48 845 430 7647,Poland,2/24/1970
762,Melloney,Lattka,mlattkal5@goo.ne.jp,Female,+7 629 494 4996,Russia,6/30/1905
763,Paddy,Dimblebee,pdimblebeel6@discuz.net,Male,+86 177 625 9694,China,2/19/1982
764,Ezmeralda,Antonucci,eantonuccil7@fotki.com,Female,+33 327 364 9695,France,6/29/2002
765,Jules,Ghidoni,jghidonil8@unblog.fr,Male,+504 662 720 6912,Honduras,11/11/1972
766,Kendell,Platt,kplattl9@aol.com,Male,+63 319 348 2365,Philippines,10/23/1957
767,Analise,Huster,ahusterla@etsy.com,Female,+84 475 785 0710,Vietnam,9/1/2017
768,Josias,Riggoll,jriggolllb@biblegateway.com,Male,+33 301 743 1750,France,4/1/2011
769,Mommy,Garken,mgarkenlc@tumblr.com,Female,+52 797 475 1307,Mexico,10/12/1984
770,Tybie,Bendel,tbendelld@telegraph.co.uk,Female,+98 341 884 6598,Iran,1/1/1921
771,Adair,Eudall,aeudallle@imageshack.us,Male,+86 166 785 8423,China,12/25/1902
772,Abel,Union,aunionlf@virginia.edu,Male,+49 232 724 1126,Germany,3/2/1968
773,Hedwiga,Everest,heverestlg@ow.ly,Female,+86 580 138 9003,China,1/15/2002
774,Pinchas,Kernocke,pkernockelh@nydailynews.com,Male,+62 212 779 5113,Indonesia,11/15/2000
775,Herbert,Bottelstone,hbottelstoneli@dyndns.org,Male,+351 701 403 9320,Portugal,4/25/1948
776,Jody,Oliffe,joliffelj@irs.gov,Male,+86 896 370 2620,China,8/8/1992
777,Aldridge,Corley,acorleylk@craigslist.org,Male,+62 484 734 0720,Indonesia,11/3/1996
778,Terrel,Saines,tsainesll@issuu.com,Male,+86 237 930 0309,China,8/11/1915
779,Trista,Lufkin,tlufkinlm@yolasite.com,Female,+351 291 524 0639,Portugal,9/5/1966
780,Jodie,Gut,jgutln@friendfeed.com,Male,+62 662 984 0331,Indonesia,1/27/1909
781,Felix,Nelsey,fnelseylo@buzzfeed.com,Male,+1 208 442 7930,United States,9/21/1953
782,Ced,Curgenven,ccurgenvenlp@utexas.edu,Male,+254 344 859 4762,Kenya,6/19/1924
783,Rana,Katt,rkattlq@acquirethisname.com,Female,+62 332 183 1061,Indonesia,8/2/1925
784,Jake,Vigars,jvigarslr@cdbaby.com,Male,+55 972 632 4183,Brazil,4/24/1915
785,Dudley,Rawsthorne,drawsthornels@tripadvisor.com,Male,+1 915 681 2229,United States,7/30/1951
786,Lewie,Prebble,lprebblelt@instagram.com,Male,+62 177 409 7232,Indonesia,3/11/1954
787,Irvine,Ferrini,iferrinilu@psu.edu,Male,+351 165 436 5216,Portugal,10/7/1952
788,Raffaello,Hebditch,rhebditchlv@buzzfeed.com,Male,+46 503 209 5588,Sweden,8/8/1961
789,Angelika,Sheardown,asheardownlw@cnn.com,Female,+86 796 385 3421,China,5/11/1919
790,Appolonia,Barney,abarneylx@mapquest.com,Non-binary,+66 795 457 7612,Thailand,3/3/2008
791,Jolynn,Treadgall,jtreadgallly@purevolume.com,Female,+63 185 296 7783,Philippines,3/18/1955
792,Farleigh,Rosebotham,frosebothamlz@weather.com,Male,+86 174 652 1750,China,5/10/1919
793,Nollie,Kneel,nkneelm0@yahoo.com,Male,+46 115 660 8585,Sweden,3/12/1939
794,Warner,Puddephatt,wpuddephattm1@mlb.com,Male,+963 544 245 2664,Syria,1/5/1994
795,Cesaro,Gillmor,cgillmorm2@mozilla.org,Non-binary,+351 427 484 2187,Portugal,6/13/1923
796,Brenden,McEntegart,bmcentegartm3@alibaba.com,Male,+977 962 651 4188,Nepal,2/14/1903
797,Elizabet,Pointing,epointingm4@php.net,Female,+86 403 985 4303,China,12/7/1977
798,Hortense,Gilding,hgildingm5@walmart.com,Female,+86 271 230 3608,China,8/24/1963
799,Aleta,Gobeaux,agobeauxm6@latimes.com,Female,+62 630 951 4111,Indonesia,11/13/1979
800,Chaunce,Laird,clairdm7@paypal.com,Male,+48 652 428 0669,Poland,2/16/2002
801,Meta,Tissier,mtissierm8@wp.com,Female,+420 433 711 4718,Czech Republic,7/12/1925
802,Monroe,Mawer,mmawerm9@123-reg.co.uk,Male,+63 760 505 4292,Philippines,6/23/1980
803,Michal,Brodbin,mbrodbinma@woothemes.com,Female,+420 109 447 0885,Czech Republic,9/18/1957
804,Ansel,Sheilds,asheildsmb@msn.com,Male,+55 494 833 9679,Brazil,8/23/1981
805,Luelle,Desseine,ldesseinemc@harvard.edu,Female,+63 478 550 1016,Philippines,12/15/2006
806,Jervis,Wille,jwillemd@scientificamerican.com,Male,+81 493 467 2269,Japan,6/22/1958
807,Eden,Suggett,esuggettme@tripod.com,Agender,+63 672 404 7797,Philippines,11/15/1903
808,Jamill,Leahair,jleahairmf@paypal.com,Male,+86 359 827 9771,China,3/29/1954
809,Brenden,Laity,blaitymg@mediafire.com,Male,+46 962 271 7467,Sweden,2/9/1961
810,Zola,Cutriss,zcutrissmh@sitemeter.com,Female,+86 128 315 2225,China,6/30/1976
811,Findlay,Menelaws,fmenelawsmi@seesaa.net,Male,+62 879 688 8620,Indonesia,12/23/1992
812,Wayland,Reynalds,wreynaldsmj@feedburner.com,Male,+51 478 149 7225,Peru,1/4/1915
813,Ethelin,Rehn,erehnmk@aboutads.info,Female,+86 425 469 0704,China,3/10/1914
814,Andie,Hamer,ahamerml@omniture.com,Male,+54 664 355 8522,Argentina,9/12/1980
815,Yule,Becke,ybeckemm@chicagotribune.com,Agender,+62 447 861 5247,Indonesia,9/10/1996
816,Isaac,Tidy,itidymn@upenn.edu,Male,+62 867 473 7594,Indonesia,1/20/1933
817,Marianne,Reilly,mreillymo@homestead.com,Non-binary,+98 481 641 2165,Iran,5/20/2001
818,Gawain,Langfat,glangfatmp@symantec.com,Male,+62 490 862 6729,Indonesia,9/22/1920
819,Vasili,Balaizot,vbalaizotmq@nhs.uk,Male,+86 267 858 0265,China,2/22/1997
820,Sim,Pfeffel,spfeffelmr@topsy.com,Male,+963 762 562 1229,Syria,10/25/2007
821,Bryant,Monketon,bmonketonms@dailymotion.com,Male,+7 573 977 0786,Russia,2/28/1969
822,Meryl,Hurley,mhurleymt@msn.com,Female,+86 746 548 9027,China,11/25/1974
823,Fayette,Obray,fobraymu@naver.com,Female,+420 248 516 3697,Czech Republic,9/20/1925
824,Stacy,Cardoe,scardoemv@wordpress.com,Male,+256 352 127 4678,Uganda,3/27/1993
825,Cristal,Golling,cgollingmw@bluehost.com,Female,+81 959 124 1229,Japan,5/5/1955
826,Salomo,Mc Giffin,smcgiffinmx@tripod.com,Male,+1 704 636 9757,United States,11/28/1965
827,Elias,Alyokhin,ealyokhinmy@who.int,Male,+218 292 520 7097,Libya,5/6/1965
828,Zena,Dorie,zdoriemz@parallels.com,Female,+86 903 526 9120,China,7/26/1903
829,Jodi,Lowing,jlowingn0@theglobeandmail.com,Male,+86 588 255 9702,China,5/14/1972
830,Rebeka,Folliott,rfolliottn1@independent.co.uk,Female,+98 457 205 5880,Iran,1/31/1911
831,Clemmie,Coulter,ccoultern2@imageshack.us,Female,+62 512 591 8105,Indonesia,1/14/2004
832,Dominique,Blacktin,dblacktinn3@jiathis.com,Female,+86 583 632 1191,China,10/11/1901
833,Jessi,Yude,jyuden4@ask.com,Agender,+1 513 260 5364,United States,12/29/1983
834,Dalton,Jeffreys,djeffreysn5@mapquest.com,Male,+62 160 595 8061,Indonesia,10/7/1936
835,Christabella,Basil,cbasiln6@addthis.com,Genderfluid,+51 541 598 0330,Peru,12/29/1960
836,Gwyn,Heppner,gheppnern7@elpais.com,Female,+30 342 765 9688,Greece,8/16/1979
837,Guenevere,Ancliff,gancliffn8@furl.net,Female,+63 827 426 1174,Philippines,6/20/1944
838,Mehetabel,Ashlin,mashlinn9@nps.gov,Genderfluid,+63 493 508 6579,Philippines,3/29/2017
839,Barb,Shoebotham,bshoebothamna@sogou.com,Female,+267 760 974 9607,Botswana,9/13/2002
840,Raychel,Kiossel,rkiosselnb@ucoz.com,Female,+27 766 675 5872,South Africa,1/13/1919
841,Jeffrey,Korbmaker,jkorbmakernc@blogger.com,Male,+504 758 416 9931,Honduras,2/22/1955
842,Annamarie,Gladhill,agladhillnd@opera.com,Female,+1 502 487 0291,United States,5/4/1947
843,Roselin,Kerner,rkernerne@comcast.net,Female,+62 226 251 2000,Indonesia,8/20/1939
844,Tabina,Brach,tbrachnf@amazon.com,Female,+33 160 302 7922,France,4/20/1982
845,Vance,Sinnatt,vsinnattng@blogs.com,Male,+86 813 515 0422,China,8/24/1967
846,Emelia,Rae,eraenh@barnesandnoble.com,Female,+255 232 513 1205,Tanzania,6/20/1931
847,Yolane,Cretney,ycretneyni@telegraph.co.uk,Female,+86 394 342 9231,China,10/17/1916
848,Willette,McCrossan,wmccrossannj@home.pl,Female,+55 189 486 2979,Brazil,10/5/1904
849,Roxine,McDade,rmcdadenk@ox.ac.uk,Female,+86 277 576 2268,China,3/28/1991
850,Ardelia,Starie,astarienl@fastcompany.com,Genderfluid,+27 813 819 0337,South Africa,7/22/1905
851,Joleen,Poulney,jpoulneynm@vk.com,Female,+1 757 439 1756,United States,7/17/1926
852,Jule,Atwood,jatwoodnn@hibu.com,Male,+86 524 303 7314,China,9/24/1952
853,Gaultiero,Trolley,gtrolleyno@barnesandnoble.com,Male,+7 566 143 2707,Russia,7/13/2022
854,Joyann,Izakoff,jizakoffnp@census.gov,Female,+55 465 166 5496,Brazil,4/29/2009
855,Kellyann,Rubenovic,krubenovicnq@smh.com.au,Female,+62 736 357 1837,Indonesia,8/9/1943
856,Philbert,Leathers,pleathersnr@berkeley.edu,Male,+299 727 799 2474,Greenland,3/31/1988
857,Gustavo,Chippendale,gchippendalens@virginia.edu,Male,+86 579 548 2715,China,8/26/1961
858,Johanna,Saines,jsainesnt@webmd.com,Female,+86 636 944 1785,China,2/1/1960
859,Aguistin,MacGillivray,amacgillivraynu@marketwatch.com,Genderfluid,+62 579 290 8652,Indonesia,3/4/2002
860,Deanna,Perford,dperfordnv@pagesperso-orange.fr,Female,+354 521 921 3292,Iceland,6/17/2010
861,Merle,Spottiswood,mspottiswoodnw@friendfeed.com,Male,+263 279 959 1854,Zimbabwe,12/11/1998
862,Martie,Eliasen,meliasennx@ca.gov,Male,+86 594 258 2495,China,7/21/1965
863,Sydney,Newlove,snewloveny@typepad.com,Male,+48 420 202 8118,Poland,8/12/1925
864,Onida,Munks,omunksnz@alibaba.com,Female,+1 205 525 6524,United States,11/28/2006
865,Butch,Ackhurst,backhursto0@xinhuanet.com,Male,+507 899 200 0479,Panama,5/3/2015
866,Theodosia,Seaton,tseatono1@home.pl,Female,+86 454 560 0465,China,5/23/1964
867,Ash,Dudderidge,adudderidgeo2@wordpress.org,Male,+385 472 533 5022,Croatia,4/23/1934
868,Blondell,Michiel,bmichielo3@quantcast.com,Female,+55 709 903 3665,Brazil,12/12/1917
869,Salmon,MacKim,smackimo4@narod.ru,Male,+62 712 119 1469,Indonesia,3/18/1975
870,Melosa,Checchetelli,mchecchetellio5@yelp.com,Female,+223 789 966 6289,Mali,6/22/1913
871,Reggie,Esby,resbyo6@mit.edu,Female,+44 481 935 3818,United Kingdom,2/10/2009
872,Durant,Hinckesman,dhinckesmano7@zdnet.com,Male,+33 980 427 7518,France,5/17/1903
873,Roy,Huws,rhuwso8@newsvine.com,Male,+253 137 459 0953,Djibouti,11/4/1968
874,Hastings,Huncote,hhuncoteo9@mashable.com,Male,+235 292 501 0157,Chad,5/7/2012
875,Wes,Cadding,wcaddingoa@huffingtonpost.com,Male,+98 742 378 2316,Iran,12/28/1971
876,Kassey,Favell,kfavellob@timesonline.co.uk,Female,+63 488 142 8552,Philippines,5/8/1972
877,Gerty,Shelmardine,gshelmardineoc@studiopress.com,Female,+1 513 647 7615,Canada,5/6/1954
878,Kari,Mannin,kmanninod@cmu.edu,Non-binary,+502 343 870 7869,Guatemala,6/24/1956
879,Rickie,McGow,rmcgowoe@comcast.net,Male,+62 858 705 1900,Indonesia,4/23/1944
880,Miles,Girardin,mgirardinof@wisc.edu,Male,+1 952 130 5800,United States,11/1/2002
881,See,Shorto,sshortoog@prlog.org,Male,+420 474 521 3332,Czech Republic,8/4/1991
882,Arvin,Gillbee,agillbeeoh@bizjournals.com,Male,+62 387 143 2680,Indonesia,11/25/1940
883,Ailbert,Wilfinger,awilfingeroi@youtu.be,Male,+63 977 596 6363,Philippines,2/9/1918
884,Aurel,Filipic,afilipicoj@symantec.com,Female,+86 631 143 0539,China,4/16/2000
885,Hali,Wernher,hwernherok@xrea.com,Female,+374 178 185 9775,Armenia,3/27/1941
886,Jorry,Lidgey,jlidgeyol@godaddy.com,Female,+48 315 780 6768,Poland,3/17/1961
887,Sig,Shipton,sshiptonom@samsung.com,Polygender,+62 761 977 9220,Indonesia,4/19/1989
888,Syman,Surgey,ssurgeyon@umn.edu,Male,+62 868 395 4541,Indonesia,9/22/1904
889,Patrick,Franciottoi,pfranciottoioo@ameblo.jp,Non-binary,+62 593 659 6062,Indonesia,4/3/1945
890,Bent,Dorward,bdorwardop@smh.com.au,Male,+7 675 651 6595,Russia,5/18/1996
891,Ignacius,De Angelo,ideangelooq@tripadvisor.com,Male,+48 688 416 0981,Poland,11/21/1904
892,Arlette,Birdwhistell,abirdwhistellor@yandex.ru,Female,+852 686 668 2759,Hong Kong,11/10/1903
893,Dena,O' Liddy,doliddyos@blog.com,Female,+86 352 702 2506,China,7/24/1950
894,Arv,Haruard,aharuardot@rediff.com,Male,+63 265 812 6557,Philippines,2/18/2010
895,Gayler,Cornbill,gcornbillou@newyorker.com,Male,+86 693 339 3302,China,7/7/2012
896,Tamara,Everit,teveritov@pen.io,Female,+86 469 120 4549,China,1/24/1906
897,Hanan,Stegell,hstegellow@irs.gov,Male,+63 873 280 9545,Philippines,2/19/1918
898,Boote,Dron,bdronox@oracle.com,Male,+86 546 831 5488,China,9/28/1906
899,Ricki,Gilbane,rgilbaneoy@timesonline.co.uk,Non-binary,+385 522 597 8972,Croatia,2/9/2021
900,Sorcha,Kamenar,skamenaroz@example.com,Female,+86 133 192 7556,China,9/6/1974
901,Jarvis,Faveryear,jfaveryearp0@theatlantic.com,Male,+66 837 643 7556,Thailand,4/23/1951
902,Andrew,Favela,afavelap1@discovery.com,Male,+420 961 101 8596,Czech Republic,12/16/2005
903,Delbert,Dewan,ddewanp2@gnu.org,Genderfluid,+86 908 462 3098,China,5/4/1923
904,Nowell,Dulson,ndulsonp3@nyu.edu,Male,+86 254 720 6005,China,3/15/1950
905,Tabitha,Couzens,tcouzensp4@stumbleupon.com,Female,+63 396 544 6987,Philippines,3/27/1994
906,Warren,Georgot,wgeorgotp5@earthlink.net,Male,+86 134 890 5946,China,2/19/1995
907,Nady,Mullany,nmullanyp6@mapy.cz,Female,+86 709 318 6568,China,8/22/2003
908,Rickard,Cosgreave,rcosgreavep7@tamu.edu,Male,+232 324 454 6628,Sierra Leone,1/19/1916
909,Jada,Tessyman,jtessymanp8@domainmarket.com,Female,+86 306 505 2110,China,12/22/1952
910,Bronnie,Laxen,blaxenp9@sitemeter.com,Male,+509 381 306 9124,Haiti,3/23/1915
911,Hollie,Kernoghan,hkernoghanpa@1und1.de,Female,+63 953 644 1554,Philippines,10/10/1911
912,Natty,Hedditch,nhedditchpb@imgur.com,Male,+62 193 881 0418,Indonesia,11/21/1928
913,Gerry,Arnao,garnaopc@posterous.com,Female,+63 488 308 3010,Philippines,6/2/1909
914,Joceline,Ghiroldi,jghiroldipd@umich.edu,Female,+7 137 919 3241,Russia,9/21/1920
915,Veriee,Comins,vcominspe@naver.com,Female,+86 294 383 5683,China,12/25/1981
916,Chickie,Baudino,cbaudinopf@shop-pro.jp,Male,+872 451 592 3824,Pitcairn,2/22/1926
917,Tam,Scarr,tscarrpg@cloudflare.com,Male,+47 686 368 3092,Norway,7/11/1963
918,Hanna,Grishinov,hgrishinovph@google.com.hk,Female,+86 757 829 5889,China,2/12/2010
919,Ketty,Corgenvin,kcorgenvinpi@baidu.com,Female,+33 434 221 3039,France,1/28/2017
920,Opal,Iuorio,oiuoriopj@webnode.com,Female,+86 948 304 8751,China,4/28/1925
921,Junette,Newsome,jnewsomepk@php.net,Female,+385 458 318 8687,Croatia,11/1/1927
922,Gregoire,Cleaveland,gcleavelandpl@naver.com,Male,+86 915 282 5020,China,9/10/1923
923,Freda,Liggett,fliggettpm@ucoz.com,Female,+62 655 600 5839,Indonesia,11/1/1958
924,Orton,Darrow,odarrowpn@google.com.au,Male,+63 933 967 7795,Philippines,10/10/1964
925,Mahalia,Handrik,mhandrikpo@tinypic.com,Female,+86 894 159 9234,China,10/28/1988
926,Gretta,Blayd,gblaydpp@nps.gov,Female,+51 449 831 4549,Peru,3/1/1981
927,Harmonie,Sennett,hsennettpq@army.mil,Female,+256 858 509 0908,Uganda,3/28/1987
928,Luz,MacNelly,lmacnellypr@delicious.com,Female,+249 264 874 3345,Sudan,10/9/1959
929,Orlando,Blagden,oblagdenps@shareasale.com,Male,+81 491 306 7448,Japan,6/12/1973
930,Eugenie,Riba,eribapt@addthis.com,Female,+86 469 263 1360,China,7/25/1966
931,Murdock,Collins,mcollinspu@barnesandnoble.com,Male,+7 293 851 4562,Russia,6/13/2002
932,Danyelle,Nutting,dnuttingpv@sourceforge.net,Female,+234 398 722 6281,Nigeria,9/6/1958
933,Evyn,Langstone,elangstonepw@dedecms.com,Bigender,+1 212 114 8115,United States,8/17/1929
934,North,Salt,nsaltpx@joomla.org,Male,+995 670 463 7287,Georgia,3/8/1956
935,Aeriel,Harme,aharmepy@comsenz.com,Female,+264 460 322 1271,Namibia,3/16/1986
936,Marlene,Sammons,msammonspz@uiuc.edu,Female,+880 888 343 3548,Bangladesh,9/23/1907
937,Davie,MacAless,dmacalessq0@goodreads.com,Male,+670 264 756 3604,East Timor,6/20/1988
938,Albie,Blackston,ablackstonq1@hhs.gov,Male,+7 616 644 6428,Russia,3/13/1929
939,Rosamund,Jorgensen,rjorgensenq2@github.io,Female,+62 617 183 2431,Indonesia,10/8/1996
940,Kay,Gunny,kgunnyq3@rakuten.co.jp,Female,+33 847 629 6389,France,11/15/1911
941,Filide,McFadin,fmcfadinq4@jalbum.net,Female,+63 767 384 2948,Philippines,2/7/2015
942,Tanny,Eilert,teilertq5@cnn.com,Male,+86 313 600 9014,China,6/16/1955
943,Nickie,Lovett,nlovettq6@examiner.com,Male,+86 593 540 7451,China,12/23/1986
944,Lamont,Bellefonte,lbellefonteq7@hexun.com,Male,+502 546 291 7037,Guatemala,9/15/1917
945,Barnett,Dobbinson,bdobbinsonq8@gizmodo.com,Male,+46 365 395 3493,Sweden,9/29/2010
946,Lucky,Freer,lfreerq9@sitemeter.com,Female,+98 703 831 2841,Iran,7/3/1941
947,Cesare,Edinburgh,cedinburghqa@phoca.cz,Male,+237 984 474 6775,Cameroon,8/7/2001
948,Lilias,Gibby,lgibbyqb@cpanel.net,Female,+63 468 379 7805,Philippines,7/13/1918
949,Caressa,Bevir,cbevirqc@walmart.com,Female,+386 415 865 3234,Slovenia,8/9/2002
950,Mel,Labat,mlabatqd@is.gd,Male,+46 490 699 4395,Sweden,3/21/1943
951,Electra,Leveret,eleveretqe@com.com,Female,+60 378 140 7602,Malaysia,2/11/1939
952,Mathian,Davys,mdavysqf@boston.com,Male,+66 683 109 3676,Thailand,5/15/1967
953,Raimondo,Liley,rlileyqg@aboutads.info,Male,+55 806 698 1938,Brazil,3/13/1991
954,Elke,Orry,eorryqh@google.com.hk,Female,+389 171 718 8170,Macedonia,10/2/1932
955,Harmony,Hagyard,hhagyardqi@bing.com,Female,+41 434 380 1595,Switzerland,6/13/1910
956,Aldric,Bercevelo,aberceveloqj@cornell.edu,Male,+52 453 760 0803,Mexico,5/26/1969
957,Julina,Pidgeley,jpidgeleyqk@ebay.co.uk,Female,+48 928 920 0414,Poland,3/28/1919
958,Oneida,Heard,oheardql@prnewswire.com,Female,+234 324 356 5086,Nigeria,2/13/1979
959,Adelaide,Tattersdill,atattersdillqm@cargocollective.com,Female,+240 476 132 6344,Equatorial Guinea,3/25/2004
960,Selena,Antic,santicqn@timesonline.co.uk,Female,+254 605 183 3118,Kenya,4/13/1962
961,Audrie,Burndred,aburndredqo@reddit.com,Female,+375 388 383 3652,Belarus,7/26/2014
962,Iain,Sykora,isykoraqp@parallels.com,Male,+86 585 735 6886,China,4/22/1918
963,Sterling,Jesse,sjesseqq@list-manage.com,Male,+62 678 719 3668,Indonesia,2/5/1920
964,Ollie,Botha,obothaqr@msu.edu,Male,+46 575 896 9061,Sweden,5/30/1924
965,Curtis,Cockram,ccockramqs@youku.com,Male,+45 421 983 8879,Denmark,9/21/1943
966,Chariot,Kobsch,ckobschqt@hubpages.com,Male,+57 255 204 6826,Colombia,5/21/1902
967,Randolf,Sterrie,rsterriequ@nymag.com,Male,+86 523 616 1390,China,4/15/1918
968,Vite,Dysert,vdysertqv@miibeian.gov.cn,Male,+62 168 924 0146,Indonesia,3/18/1942
969,Sam,Cutten,scuttenqw@dropbox.com,Male,+57 165 630 1039,Colombia,7/3/1925
970,Rozanna,Northedge,rnorthedgeqx@tinypic.com,Female,+62 231 979 7580,Indonesia,9/12/1949
971,Jill,Borleace,jborleaceqy@yolasite.com,Bigender,+86 354 898 9866,China,12/5/1984
972,Ichabod,Deary,idearyqz@usgs.gov,Male,+86 735 282 8174,China,3/24/1924
973,Consuela,Dyett,cdyettr0@tripod.com,Female,+351 431 940 8701,Portugal,6/13/1954
974,Danita,Brockton,dbrocktonr1@merriam-webster.com,Female,+62 617 585 2070,Indonesia,8/13/1970
975,Brad,Strettell,bstrettellr2@bbc.co.uk,Male,+63 294 903 7497,Philippines,5/12/1923
976,Cchaddie,Parbrook,cparbrookr3@geocities.jp,Male,+93 376 569 6820,Afghanistan,12/21/1948
977,Karlene,Ratcliff,kratcliffr4@skyrock.com,Female,+234 341 219 4716,Nigeria,12/5/2002
978,Tania,Neighbour,tneighbourr5@youtube.com,Female,+380 877 124 7948,Ukraine,9/1/1943
979,Bone,Lidierth,blidierthr6@acquirethisname.com,Male,+1 802 880 9188,Canada,7/6/1936
980,Briant,Gain,bgainr7@prlog.org,Male,+223 869 756 4461,Mali,4/9/1912
981,Britt,Stainsby,bstainsbyr8@over-blog.com,Female,+1 216 921 9646,United States,5/31/1905
982,Shae,Serjeantson,sserjeantsonr9@washington.edu,Female,+62 336 918 2757,Indonesia,11/18/1958
983,Sergent,Gaukrodge,sgaukrodgera@w3.org,Male,+81 864 547 4997,Japan,10/3/1951
984,Ula,Rizzillo,urizzillorb@howstuffworks.com,Female,+255 843 798 7437,Tanzania,3/11/1968
985,Jill,Garstang,jgarstangrc@oakley.com,Female,+86 867 561 5914,China,6/12/1994
986,Hedvige,Iddon,hiddonrd@nymag.com,Female,+880 540 993 4467,Bangladesh,11/21/1941
987,Leeanne,Braidford,lbraidfordre@free.fr,Female,+1 881 899 0223,Dominican Republic,8/13/1958
988,Lynn,Bakey,lbakeyrf@fema.gov,Male,+62 495 275 2588,Indonesia,5/22/1997
989,Ediva,Memmory,ememmoryrg@hao123.com,Female,+57 626 630 0001,Colombia,6/7/1937
990,Armand,Leversuch,aleversuchrh@ezinearticles.com,Male,+86 974 973 6984,China,2/17/1912
991,Tristam,Saenz,tsaenzri@tmall.com,Male,+359 471 735 7473,Bulgaria,8/5/1939
992,Roselle,Illsley,rillsleyrj@omniture.com,Female,+86 907 780 1555,China,1/23/1993
993,Sandro,Kennerley,skennerleyrk@home.pl,Male,+86 620 227 1927,China,3/16/1948
994,Tam,Eppson,teppsonrl@nifty.com,Male,+229 526 840 8844,Benin,6/25/2021
995,Didi,Methringham,dmethringhamrm@furl.net,Female,+86 321 225 7421,China,7/7/1992
996,Kimberli,Veare,kvearern@istockphoto.com,Female,+63 912 813 4182,Philippines,10/23/1954
997,Archibald,Garling,agarlingro@ibm.com,Male,+237 721 337 3324,Cameroon,10/20/1907
998,Frank,Webby,fwebbyrp@wsj.com,Female,+260 530 640 7428,Zambia,4/4/1941
999,Rosmunda,Render,rrenderrq@paypal.com,Female,+62 248 329 9253,Indonesia,5/5/1949
1000,Rora,Ebrall,rebrallrr@yahoo.co.jp,Bigender,+51 102 526 6315,Peru,2/26/1955
