id,first_name,last_name,email,gender,contactNo,country,dob,age
1,Chandal,Rispin,crispin0@techcrunch.com,Female,+63 993 808 2472,Philippines,7/19/1948,53
2,Sanderson,Jorat,sjorat1@issuu.com,Male,+7 133 184 8072,Russia,6/4/1972,99
3,Tadd,Jinkin,tjinkin2@ning.com,Male,+351 575 762 8543,Portugal,2/1/1927,70
4,Maribel,Woodage,mwoodage3@tamu.edu,Female,+351 655 142 8068,Portugal,5/23/1940,81
5,Olivier,Messager,omessager4@mapquest.com,Male,+55 797 224 0695,Brazil,6/24/2019,72
6,Liam,Dillinger,ldillinger5@edublogs.org,Male,+62 482 806 9715,Indonesia,12/13/1928,70
7,Jada,Lisett,jlisett6@ask.com,Female,+62 446 488 8833,Indonesia,12/1/1921,9
8,Virgie,Godfree,vgodfree7@nasa.gov,Female,+86 996 633 0425,China,4/23/1970,60
9,Nigel,Mercer,nmercer8@mtv.com,Male,+509 598 584 8817,Haiti,1/5/1982,82
10,Georgi,Arnal,garnal9@ucoz.com,Male,+352 348 594 0734,Luxembourg,12/1/2011,63
11,Pia,Collingworth,pcollingwortha@answers.com,Female,+51 125 272 0048,Peru,2/3/1992,27
12,Allard,Flood,afloodb@bloglovin.com,Male,+52 182 772 3311,Mexico,7/8/1952,errr
13,Damian,Beuscher,dbeuscherc@google.ca,Male,+351 712 536 2628,Portugal,11/15/1905,81
14,Alvinia,Northen,anorthend@smh.com.au,Bigender,+1 579 975 7527,Canada,2/22/1964,35
15,Hobart,Guard,hguarde@biblegateway.com,Polygender,+7 661 872 3738,Russia,9/29/1996,
16,Roosevelt,Hiddsley,rhiddsleyf@illinois.edu,Male,+48 373 418 2703,Poland,5/15/1993,83
17,Petunia,Storry,pstorryg@yahoo.co.jp,Female,+86 764 227 3260,China,7/19/1950,30
18,Barnebas,Jakubiak,bjakubiakh@mediafire.com,Male,+54 775 706 3301,Argentina,1/3/2014,
19,Travers,Lakenden,tlakendeni@mozilla.com,Male,+55 409 168 5113,Brazil,1/11/1992,67
20,Chantal,McKinlay,cmckinlayj@ustream.tv,Female,+48 807 783 6075,Poland,11/22/1999,42
